record_id,sct_422549004,sct_399423000,sct_184099003_y,sct_281053000,sct_263495000,sct_315354004,sct_364699009,sct_278844005,sct_399753006,sct_420259009,sct_767023003,sct_184305005_rd,sct_16100001,sct_16100001_source,sct_769681006_center,sct_440377005,sct_276239002_aim,sct_424850005,sct_405795006_y,sct_405795006_m,sct_405795006_d,sct_423493009,sct_432213005_y,sct_432213005_m,sct_432213005_d,sct_717800004,sct_412726003,sct_64245008,sct_125679009_proposit,sct_842009,sct_439401001_orpha,sct_439401001_orpha_sub,sct_439401001_icd10gm,sct_439401001_alphaid,sct_439401001_alphaidstr,sct_38866009,sct_432213005,sct_263493007,sct_116694002,sct_246454002,sct_439401001_ver,sct_103330002,sct_2931005_orpha,sct_2931005_icd10gm,sct_439401001_val,sct_39154008_hpo,sct_106221001_biom_val,sct_106221001_biom,sct_406522009,ln_48007_9,ln_48007_9_mitoch,sct_277132007___sct_277132007_263490005_260413007,sct_277132007___sct_416608005_1003735000_257544000_68369002_64572001,sct_277132007___sct_394613000,sct_277132007___sct_277132007_20401003_69908008,sct_277132007___sct_277132007_20401003_68498002,sct_277132007___sct_1156961008,sct_277132007___sct_234336002,sct_277132007___sct_309541009,sct_277132007___sct_387713003,sct_277132007___sct_74964007,sct_277132007___sct_261665006,sct_277132007_other,sct_439401001_gen_val,ln_ll4048_6,sct_439401001_omim_g_1,sct_439401001_omim_p_1,sct_439401001_omim_g_2,sct_439401001_omim_p_2,sct_439401001_omim_g_3,sct_439401001_omim_p_3,ln_62374_4_1,sct_55446002_str_1,ln_81290_9_1,ln_48004_6_1,ln_48005_3_1,ln_48018_6_1,ln_48002_0_1,ln_48019_4_1,ln_53037_8_1,ln_93044_6_1,ln_62374_4_2,sct_55446002_str_2,ln_81290_9_2,ln_48004_6_2,ln_48005_3_2,ln_48018_6_2,ln_48002_0_2,ln_48019_4_2,ln_53037_8_2,ln_93044_6_2,ln_62374_4_3,sct_55446002_str_3,ln_81290_9_3,ln_48004_6_3,ln_48005_3_3,ln_48018_6_3,ln_48002_0_3,ln_48019_4_3,ln_53037_8_3,ln_93044_6_3,sct_64195000_other,ln_62374_4_4,sct_55446002_str_4,ln_81290_9_4,ln_48004_6_4,ln_48005_3_4,ln_48018_6_4,ln_62374_4_5,sct_55446002_str_5,ln_81290_9_5,ln_48004_6_5,ln_48005_3_5,ln_48018_6_5,ln_62374_4_6,sct_55446002_str_6,ln_81290_9_6,ln_48004_6_6,ln_48005_3_6,ln_48018_6_6,ln_62374_4_7,sct_55446002_str_7,ln_81290_9_7,ln_48004_6_7,ln_48005_3_7,ln_48018_6_7,ln_62374_4_8,sct_55446002_str_8,ln_81290_9_8,ln_48004_6_8,ln_48005_3_8,ln_48018_6_8,sct_85097005_1_orpha,sct_85097005_1_icd10gm,sct_85097005_1_date,sct_85097005_2_orpha,sct_85097005_2_icd10gm,sct_85097005_2_date,sct_85097005_3_orpha,sct_85097005_3_icd10gm,sct_85097005_3_date,sct_85097005_4_orpha,sct_85097005_4_icd10gm,sct_85097005_4_date,sct_85097005_5_orpha,sct_85097005_5_icd10gm,sct_85097005_5_date,sct_85097005_6_orpha,sct_85097005_6_icd10gm,sct_85097005_6_date,sct_85097005_7_orpha,sct_85097005_7_icd10gm,sct_85097005_7_date,sct_85097005_8_orpha,sct_85097005_8_icd10gm,sct_85097005_8_date,sct_85097005_9_orpha,sct_85097005_9_icd10gm,sct_85097005_9_date,sct_85097005_10_orpha,sct_85097005_10_icd10gm,sct_85097005_10_date,sct_85097005_11_orpha,sct_85097005_11_icd10gm,sct_85097005_11_date,sct_85097005_12_orpha,sct_85097005_12_icd10gm,sct_85097005_12_date,sct_85097005_13_orpha,sct_85097005_13_icd10gm,sct_85097005_13_date,sct_85097005_14_orpha,sct_85097005_14_icd10gm,sct_85097005_14_date,sct_85097005_15_orpha,sct_85097005_15_icd10gm,sct_85097005_15_date,sct_85097005_16_orpha,sct_85097005_16_icd10gm,sct_85097005_16_date,sct_85097005_17_orpha,sct_85097005_17_icd10gm,sct_85097005_17_date,sct_85097005_18_orpha,sct_85097005_18_icd10gm,sct_85097005_18_date,sct_85097005_19_orpha,sct_85097005_19_icd10gm,sct_85097005_19_date,sct_85097005_20_orpha,sct_85097005_20_icd10gm,sct_85097005_20_date,sct_8116006_1,sct_8116006_1_date,sct_8116006_2,sct_8116006_2_date,sct_8116006_3,sct_8116006_3_date,sct_8116006_4,sct_8116006_4_date,sct_8116006_5,sct_8116006_5_date,sct_8116006_6,sct_8116006_6_date,sct_8116006_7,sct_8116006_7_date,sct_8116006_8,sct_8116006_8_date,sct_8116006_9,sct_8116006_9_date,sct_8116006_10,sct_8116006_10_date,sct_8116006_11,sct_8116006_11_date,sct_8116006_12,sct_8116006_12_date,sct_8116006_13,sct_8116006_13_date,sct_8116006_14,sct_8116006_14_date,sct_8116006_15,sct_8116006_15_date,sct_8116006_16,sct_8116006_16_date,sct_8116006_17,sct_8116006_17_date,sct_8116006_18,sct_8116006_18_date,sct_8116006_19,sct_8116006_19_date,sct_8116006_20,sct_8116006_20_date,sct_8116006_21,sct_8116006_21_date,sct_8116006_22,sct_8116006_22_date,sct_8116006_23,sct_8116006_23_date,sct_8116006_24,sct_8116006_24_date,sct_8116006_25,sct_8116006_25_date,sct_8116006_26,sct_8116006_26_date,sct_8116006_27,sct_8116006_27_date,sct_8116006_28,sct_8116006_28_date,sct_8116006_29,sct_8116006_29_date,sct_8116006_30,sct_8116006_30_date,sct_72705000_rd,sct_160430005,sct_13506008,sct_160430005_age,sct_66839005_rd,sct_160436004,sct_20587003,sct_160436004_age,sct_82101005_rd,sct_82101005_1_age,sct_82101005_1_gender,sct_82101005_2_age,sct_82101005_2_gender,sct_82101005_3_age,sct_82101005_3_gender,sct_82101005_4_age,sct_82101005_4_gender,sct_82101005_5_age,sct_82101005_5_gender,sct_82101005_6_age,sct_82101005_6_gender,sct_82101005_7_age,sct_82101005_7_gender,sct_82101005_8_age,sct_82101005_8_gender,sct_82101005_9_age,sct_82101005_9_gender,sct_82101005_10_age,sct_82101005_10_gender,sct_75226009_rd,sct_75226009_1_age,sct_75226009_1_gender,sct_75226009_2_age,sct_75226009_2_gender,sct_75226009_3_age,sct_75226009_3_gender,sct_75226009_4_age,sct_75226009_4_gender,sct_75226009_5_age,sct_75226009_5_gender,sct_75226009_6_age,sct_75226009_6_gender,sct_75226009_7_age,sct_75226009_7_gender,sct_75226009_8_age,sct_75226009_8_gender,sct_75226009_9_age,sct_75226009_9_gender,sct_75226009_10_age,sct_75226009_10_gender,sct_309370004_research,sct_309370004_narse,sct_309370004_data,sct_309370004_eu,sct_309370004_int,sct_309370004_aff,sct_309370004_gen,sct_309370004_case,sct_123038009,sct_840566006,sct_840566006_specific,sct_21134002_class,sct_21134002_score,erker_v15_complete
8,YD053,2023-09-05,1995,sct_248153007,,,sct_414408004,CS_MII_Person_Vitalstatus_X,,,sct_41847000,sct_1220561009,,,2007-17-20,sct_1220561009,,sct_261665006,,,,sct_410672004,2008.0,11.0,19.0,sct_1220561009,,sct_1220561009,sct_1220561009,sct_1220561009,ORPHA:71529,,E66.8,sct_1220561009,,,2014-05-07,sct_1220561009,sct_1220561009,sct_1220561009,hl7_conditionverstatus_confirmed,sct_373067005,,,sct_439401001_20401003_405824009,sct_373066001,,,sct_1220561009,ln_LA6706-1,sct_1220561009,,,,,,,,,,,,,sct_373066001,sct_1220561009,"""nan""",,"""nan""",,,,ln_LA26806-2,p.V103l,,NM_005912.3:c.508A>G,NP_005903.2:p.Val103Ile,HGNC:6932,sct_1220561009,SO_1000002,ln_LA6675-8,sct_1220561009,ln_LA26806-2,,,,,HGNC:6932,,,,,ln_LA26806-2,,,,,HGNC:6932,,SO_1000002,,,,,,,,,,,,,,,,,,,,,,,,,,,,,,,,,,,,,,,,,,,,,,,,,,,,,,,,,,,,,,,,,,,,,,,,,,,,,,,,,,,,,,,,,,,,,,,2008-01-13,HP:0025499,,,2001-03-17,,,,,,,,,,,,,,,,,,,,,,,,,,,,,,,,,,,,,,,,,,,,,,,,,,,,,,,sct_1220561009,sct_1220561009,,,sct_1220561009,sct_1220561009,,,sct_1220561009,,,,,,,,,,,,,,,,,,,,,sct_1220561009,,,,,,,,,,,,,,,,,,,,,sct_1220561009,sct_1220561009,sct_1220561009,sct_1220561009,sct_1220561009,sct_1220561009,sct_1220561009,sct_1220561009,sct_1220561009,sct_1220561009,,sct_1220561009,,
37,ER019,2023-09-05,1992,sct_248153007,,,sct_14045001,CS_MII_Person_Vitalstatus_X,,,sct_41847000,sct_1220561009,,,2015-14-18,sct_1220561009,,sct_261665006,,,,sct_410672004,2014.0,5.0,5.0,sct_1220561009,,sct_1220561009,sct_1220561009,sct_373067005,ORPHA:71529,,E66.8,sct_1220561009,,,2015-02-24,sct_1220561009,sct_1220561009,sct_1220561009,hl7_conditionverstatus_confirmed,sct_373067005,,,sct_439401001_20401003_405824009,sct_373066001,,,sct_1220561009,ln_LA6706-1,sct_1220561009,,,,,,,,,,,,,sct_373066001,sct_1220561009,"""155541.0024""",,"""nan""",,,,ln_LA26806-2,V103l,,NM_005912.3:c.821A>G,NP_005903.2:p.Gly181Asp,HGNC:6932,sct_1220561009,SO_1000002,ln_LA6675-8,sct_1220561009,ln_LA26806-2,,,,,HGNC:6932,,,,,ln_LA26806-2,,,,,HGNC:6932,,,,,,,,,,,,,,,,,,,,,,,,,,,,,,,,,,,,,,,,,,,,,,,,,,,,,,,,,,,,,,,,,,,,,,,,,,,,,,,,,,,,,,,,,,,,,,,,,2004-01-26,,,HP:0025499,,,,,,,,,,,,,,,,,,,,,,,,,,,,,,,,,,,,,,,,,,,,,,,,,,,,,,,,sct_1220561009,sct_1220561009,,,sct_1220561009,sct_1220561009,,,sct_1220561009,,,,,,,,,,,,,,,,,,,,,sct_1220561009,,,,,,,,,,,,,,,,,,,,,sct_1220561009,sct_1220561009,sct_1220561009,sct_1220561009,sct_1220561009,sct_1220561009,sct_1220561009,sct_1220561009,sct_1220561009,sct_1220561009,,sct_1220561009,,
66,LD045,2023-09-05,1997,sct_248152002,,,sct_14045001,CS_MII_Person_Vitalstatus_X,,,sct_41847000,sct_1220561009,,,2001-7-16,sct_1220561009,,sct_261665006,,,,sct_410672004,2018.0,7.0,7.0,sct_1220561009,,sct_1220561009,sct_1220561009,sct_1220561009,ORPHA:71529,,E66.8,sct_1220561009,,,2007-12-12,sct_1220561009,sct_1220561009,sct_1220561009,hl7_conditionverstatus_confirmed,sct_373067005,,,sct_439401001_20401003_405824009,sct_373066001,,,sct_1220561009,sct_1220561009,sct_1220561009,,,,,,,,,,,,,sct_373066001,sct_1220561009,"""155541.0024""",,"""nan""",,,,ln_LA26806-2,I198I,,,NP_005903.2:p.Ile251Leu,HGNC:6932,sct_1220561009,SO_1000002,ln_LA26333-7,sct_1220561009,ln_LA26806-2,,,,,HGNC:6932,,,,,ln_LA26806-2,,,,,HGNC:6932,,,,,,,,,,,,,,,,,,,,,,,,,,,,,,,,,,,,,,,,,,,,,,,,,,,,,,,,,,,,,,,,,,,,,,,,,,,,,,,,,,,,,,,,,,,,,,,,,,,,,,,,,,,,,,,,,,,,,,,,,,,,,,,,,,,,,,,,,,,,,,,,,,,,,,,,,,,,sct_1220561009,sct_1220561009,,,sct_1220561009,sct_1220561009,,,sct_1220561009,,,,,,,,,,,,,,,,,,,,,sct_1220561009,,,,,,,,,,,,,,,,,,,,,sct_1220561009,sct_1220561009,sct_1220561009,sct_1220561009,sct_1220561009,sct_1220561009,sct_1220561009,sct_1220561009,sct_1220561009,sct_1220561009,,sct_1220561009,,
35,AM034,2023-09-05,1994,sct_248152002,,,sct_14045001,CS_MII_Person_Vitalstatus_X,,,sct_263659003,sct_1220561009,,,2008-6-14,sct_1220561009,,sct_261665006,,,,sct_410672004,2009.0,7.0,10.0,sct_1220561009,,sct_1220561009,sct_1220561009,sct_373066001,ORPHA:71529,,E66.8,sct_1220561009,,,2008-06-27,sct_1220561009,sct_1220561009,sct_1220561009,hl7_conditionverstatus_confirmed,sct_373067005,,,sct_439401001_20401003_405824009,sct_373066001,,,sct_1220561009,ln_LA6706-1,sct_1220561009,,,,,,,,,,,,,sct_373066001,sct_1220561009,"""155541.0024""",,"""nan""",,,,ln_LA26806-2,E61X,,NM_005912.3:c.253A>G,NP_005903.2:p.Val103Ile,HGNC:6932,sct_1220561009,SO_1000002,ln_LA6668-3,sct_1220561009,ln_LA26806-2,,,,,HGNC:6932,,,,,ln_LA26806-2,,,,,HGNC:6932,,,,,,,,,,,,,,,,,,,,,,,,,,,,,,,,,,,,,,,,,,,,,,,,,,,,,,,,,,,,,,,,,,,,,,,,,,,,,,,,,,,,,,,,,,,,,,,,,,HP:0025499,,,,,,,,,,,,,,,,,,,,,,,,,,,,,,,,,,,,,,,,,,,,,,,,,,,,,,,,,,sct_1220561009,sct_1220561009,,,sct_1220561009,sct_1220561009,,,sct_1220561009,,,,,,,,,,,,,,,,,,,,,sct_1220561009,,,,,,,,,,,,,,,,,,,,,sct_1220561009,sct_1220561009,sct_1220561009,sct_1220561009,sct_1220561009,sct_1220561009,sct_1220561009,sct_1220561009,sct_1220561009,sct_1220561009,,sct_1220561009,,
88,NS054,2023-09-05,1995,sct_248153007,,,sct_14045001,CS_MII_Person_Vitalstatus_X,,,sct_263659003,sct_1220561009,,,2008-17-4,sct_1220561009,,sct_261665006,,,,sct_410672004,2019.0,2.0,18.0,sct_1220561009,,sct_1220561009,sct_1220561009,sct_1220561009,ORPHA:71529,,E66.8,sct_1220561009,,,2013-04-10,sct_1220561009,sct_1220561009,sct_1220561009,hl7_conditionverstatus_confirmed,sct_373067005,,,sct_439401001_20401003_405824009,sct_373066001,,,sct_1220561009,ln_LA6706-1,sct_1220561009,,,,,,,,,,,,,sct_373066001,sct_1220561009,"""nan""",,"""nan""",,,,ln_LA26806-2,l251L,,,NP_005903.2:p.Val103Ile,HGNC:6932,sct_1220561009,SO_1000002,ln_LA26334-5,sct_1220561009,ln_LA26806-2,,,NM_005912.3:c.802T>C,,HGNC:6932,,,,,ln_LA26806-2,,,,,HGNC:6932,,,,,,,,,,,,,,,,,,,,,,,,,,,,,,,,,,,,,,,,,,,,,,,,,,,,,,,,,,,,,,,,,,,,,,,,,,,,,,,,,,,,,,,,,,,,,,,,HP:0025499,,,,,2004-09-04,,2002-01-12,,,,,,,,,,,,,,,,,,,,,,,,,,,,,,,,,,,,,,,,,,,,,,,,,,,,,sct_1220561009,sct_1220561009,,,sct_1220561009,sct_1220561009,,,sct_1220561009,,,,,,,,,,,,,,,,,,,,,sct_1220561009,,,,,,,,,,,,,,,,,,,,,sct_1220561009,sct_1220561009,sct_1220561009,sct_1220561009,sct_1220561009,sct_1220561009,sct_1220561009,sct_1220561009,sct_1220561009,sct_1220561009,,sct_1220561009,,
27,OS035,2023-09-05,1996,sct_248153007,,,sct_14045001,CS_MII_Person_Vitalstatus_X,,,sct_255398004,sct_1220561009,,,2004-16-13,sct_1220561009,,sct_261665006,,,,sct_410672004,2009.0,10.0,9.0,sct_1220561009,,sct_1220561009,sct_1220561009,sct_1220561009,ORPHA:71529,,E66.8,sct_1220561009,,,2018-10-09,sct_1220561009,sct_1220561009,sct_1220561009,hl7_conditionverstatus_confirmed,sct_373067005,,,sct_439401001_20401003_405824009,sct_373066001,,,sct_1220561009,sct_1220561009,sct_1220561009,,,,,,,,,,,,,sct_373066001,sct_1220561009,"""nan""",,"""nan""",,,,ln_LA26806-2,c.523 G>A / p.Ala175Zhr,,NM_005912.3:c.751A>C,NP_005903.2:p.Ser77Leu,HGNC:6932,sct_1220561009,SO_1000002,ln_LA6668-3,sct_1220561009,ln_LA26806-2,,,,,HGNC:6932,,,,,ln_LA26806-2,,,,,HGNC:6932,,,,,,,,,,,,,,,,,,,,,,,,,,,,,,,,,,,,,,,,,,,,,,,,,,,,,,,,,,,,,,,,,,,,,,,,,,,,,,,,,,,,,,,,,,,,,,,,,,,,,2001-03-17,,,,,,,,,,,,,,,,,,,,,,,,,,,,,,,,,,,,,,,,,,,,,,,,,,,,,,,sct_1220561009,sct_1220561009,,,sct_1220561009,sct_1220561009,,,sct_1220561009,,,,,,,,,,,,,,,,,,,,,sct_1220561009,,,,,,,,,,,,,,,,,,,,,sct_1220561009,sct_1220561009,sct_1220561009,sct_1220561009,sct_1220561009,sct_1220561009,sct_1220561009,sct_1220561009,sct_1220561009,sct_1220561009,,sct_1220561009,,
85,LÃ–024,2023-09-05,1999,sct_248153007,,,sct_14045001,CS_MII_Person_Vitalstatus_X,,,sct_263659003,sct_1220561009,,,2009-9-8,sct_1220561009,,sct_261665006,,,,sct_410672004,2016.0,8.0,18.0,sct_1220561009,,sct_1220561009,sct_1220561009,sct_373067005,ORPHA:71529,,E66.8,sct_1220561009,,,2006-04-06,sct_1220561009,sct_1220561009,sct_1220561009,hl7_conditionverstatus_confirmed,sct_373067005,,,sct_439401001_20401003_405824009,sct_373066001,,,sct_1220561009,ln_LA6706-1,sct_1220561009,,,,,,,,,,,,,sct_373066001,sct_1220561009,"""nan""",,"""155541.0021""",,,,ln_LA26806-2,T112M,,NM_005912.3:c.307G>A,NP_005903.2:p.Ser127Leu,HGNC:6932,sct_1220561009,SO_1000002,,sct_1220561009,ln_LA26806-2,,,,,HGNC:6932,,,,,ln_LA26806-2,,,,,HGNC:6932,,,,,,,,,,,,,,,,,,,,,,,,,,,,,,,,,,,,,,,,,,,,,,,,,,,,,,,,,,,,,,,,,,,,,,,,,,,,,,,,,,,,,,,,,,,,,,,,,,,,,2001-03-06,,,,,,,,,,,,,,,,,,,,,,,,,,,,,,,,,,,,,,,,,,,,,,,,,,,,,,,sct_1220561009,sct_1220561009,,,sct_1220561009,sct_1220561009,,,sct_1220561009,,,,,,,,,,,,,,,,,,,,,sct_1220561009,,,,,,,,,,,,,,,,,,,,,sct_1220561009,sct_1220561009,sct_1220561009,sct_1220561009,sct_1220561009,sct_1220561009,sct_1220561009,sct_1220561009,sct_1220561009,sct_1220561009,,sct_1220561009,,
26,EG049,2023-09-05,1994,sct_248153007,,,sct_90027003,CS_MII_Person_Vitalstatus_X,,,sct_41847000,sct_1220561009,,,2005-7-13,sct_1220561009,,sct_261665006,,,,sct_410672004,2015.0,6.0,4.0,sct_1220561009,,sct_1220561009,sct_1220561009,sct_1220561009,ORPHA:71529,,E66.8,sct_1220561009,,,2007-03-19,sct_1220561009,sct_1220561009,sct_1220561009,hl7_conditionverstatus_confirmed,sct_373067005,,,sct_439401001_20401003_405824009,sct_373066001,,,sct_1220561009,ln_LA6706-1,sct_1220561009,,,,,,,,,,,,,sct_373066001,sct_1220561009,"""nan""",,"""nan""",,,,ln_LA26806-2,p.V103l,,NM_005912.3:c.181G>T,NP_005903.2:p.Val103Ile,HGNC:6932,,SO_1000002,ln_LA6675-8,sct_1220561009,ln_LA26806-2,,,,,HGNC:6932,,,,,ln_LA26806-2,,,,,HGNC:6932,,,,,,,,,,,,,,,,,,,,,,,,,,,,,,,,,,,,,,,,,,,,,,,,,,,,,,,,,,,,,,,,,,,,,,,,,,,,,,,,,,,,,,,,,,,,,,,,,,,2009-06-08,,,,,,,,,,,,,,,,,,,,,,,,,,,,,,,,,,,,,,,,,,,,,,,,,,,,,,,,,sct_1220561009,sct_1220561009,,,sct_1220561009,sct_1220561009,,,sct_1220561009,,,,,,,,,,,,,,,,,,,,,sct_1220561009,,,,,,,,,,,,,,,,,,,,,sct_1220561009,sct_1220561009,sct_1220561009,sct_1220561009,sct_1220561009,sct_1220561009,sct_1220561009,sct_1220561009,sct_1220561009,sct_1220561009,,sct_1220561009,,
75,TY097,2023-09-05,1993,sct_248153007,,,sct_14045001,CS_MII_Person_Vitalstatus_X,,,sct_41847000,sct_1220561009,,,2013-17-12,sct_1220561009,,sct_261665006,,,,sct_410672004,2009.0,6.0,8.0,sct_1220561009,,sct_1220561009,sct_1220561009,sct_1220561009,ORPHA:71529,,E66.8,sct_1220561009,,,2000-01-06,sct_1220561009,sct_1220561009,sct_1220561009,hl7_conditionverstatus_confirmed,sct_373067005,,,sct_439401001_20401003_405824009,sct_373066001,,,sct_1220561009,ln_LA6706-1,sct_1220561009,,,,,,,,,,,,,sct_373066001,sct_1220561009,"""155541.0024""",,"""nan""",,,,ln_LA26806-2,N274S,,NM_005912.3:c.268G>A,,HGNC:6932,sct_1220561009,SO_1000002,,sct_1220561009,ln_LA26806-2,,,,NP_005903.2:p.Ser127Leu,HGNC:6932,,,ln_LA26333-7,,ln_LA26806-2,,,,,HGNC:6932,,,,,,,,,,,,,,,,,,,,,,,,,,,,,,,,,,,,,,,,,,,,,,,,,,,,,,,,,,,,,,,,,,,,,,,,,,,,,,,,,,,,,,,,,,,,,,,,,,,2004-01-13,,,,,,,,,,,,,,,,,,,,,,,,,,,,,,,,,,,,,,,,,,,,,,,,,,,,,,,,,sct_1220561009,sct_1220561009,,,sct_1220561009,sct_1220561009,,,sct_1220561009,,,,,,,,,,,,,,,,,,,,,sct_1220561009,,,,,,,,,,,,,,,,,,,,,sct_1220561009,sct_1220561009,sct_1220561009,sct_1220561009,sct_1220561009,sct_1220561009,sct_1220561009,sct_1220561009,sct_1220561009,sct_1220561009,,sct_1220561009,,
70,ER019,2023-09-05,1993,sct_248153007,,,sct_14045001,CS_MII_Person_Vitalstatus_X,,,sct_255398004,sct_1220561009,,,2008-17-4,sct_1220561009,,sct_261665006,,,,sct_410672004,2018.0,10.0,7.0,sct_1220561009,,sct_1220561009,sct_1220561009,sct_1220561009,ORPHA:71529,,E66.8,sct_1220561009,,,2015-10-19,sct_1220561009,sct_1220561009,sct_1220561009,hl7_conditionverstatus_confirmed,sct_373067005,,,sct_439401001_20401003_405824009,sct_373066001,,,sct_1220561009,ln_LA6706-1,sct_1220561009,,,,,,,,,,,,,sct_373066001,sct_1220561009,"""nan""",,"""nan""",,,,ln_LA26806-2,T112K,,NM_005912.3:c.542G>A,NP_005903.2:p.Val103Ile,HGNC:6932,sct_1220561009,SO_1000002,ln_LA6675-8,sct_1220561009,ln_LA26806-2,c.802T>C  homo/ p.Tyr268His,,,,HGNC:6932,,SO_1000002,,,ln_LA26806-2,,,,,HGNC:6932,,SO_1000002,,,,,,,,,,,,,,,,,,,,,,,,,,,,,,,,,,,,,,,,,,,,,,,,,,,,,,,,,,,,,,,,,,,,,,,,,,,,,,,,,,,,,,,,,,,,,,,,,1998-05-10,,,,,,,,,,,,,,,,,,,,,,,,,,,,,,,,,,,,,,,,,,,,,,,,,,,,,,,,,sct_1220561009,sct_1220561009,,,sct_1220561009,sct_1220561009,,,sct_1220561009,,,,,,,,,,,,,,,,,,,,,sct_1220561009,,,,,,,,,,,,,,,,,,,,,sct_1220561009,sct_1220561009,sct_1220561009,sct_1220561009,sct_1220561009,sct_1220561009,sct_1220561009,sct_1220561009,sct_1220561009,sct_1220561009,,sct_1220561009,,
19,ZK036,2023-09-05,2015,sct_248153007,,,sct_14045001,CS_MII_Person_Vitalstatus_X,,,sct_41847000,sct_1220561009,,,2016-14-11,sct_1220561009,,sct_261665006,,,,sct_410672004,2013.0,6.0,17.0,sct_1220561009,,sct_1220561009,sct_1220561009,sct_373067005,ORPHA:71529,,E66.8,sct_1220561009,,,2000-01-06,sct_1220561009,sct_1220561009,sct_1220561009,hl7_conditionverstatus_confirmed,sct_373067005,,,sct_439401001_20401003_405824009,sct_373066001,,,sct_1220561009,ln_LA6706-1,sct_1220561009,,,,,,,,,,,,,sct_373066001,sct_1220561009,"""nan""",,"""nan""",,,,ln_LA26806-2,c. 253A>G / p.Ser85Gly,,NM_005912.3:c.542G>A,,HGNC:6932,sct_1220561009,,ln_LA26333-7,sct_1220561009,ln_LA26806-2,,,,,HGNC:6932,,,,,ln_LA26806-2,,,,,HGNC:6932,,,,,,,,,,,,,,,,,,,,,,,,,,,,,,,,,,,,,,,,,,,,,,,,,,,,,,,,,,,,,,,,,,,,,,,,,,,,,,,,,,,,,,,,,,,,,,,,HP:0025501,,,,,,,,,,,,,,,,,,,,,,,,,,,,,,,,,,,,,,,,,,,,,,,,,,,,,,,,,,,,sct_1220561009,sct_1220561009,,,sct_1220561009,sct_1220561009,,,sct_1220561009,,,,,,,,,,,,,,,,,,,,,sct_1220561009,,,,,,,,,,,,,,,,,,,,,sct_1220561009,sct_1220561009,sct_1220561009,sct_1220561009,sct_1220561009,sct_1220561009,sct_1220561009,sct_1220561009,sct_1220561009,sct_1220561009,,sct_1220561009,,
79,EG049,2023-09-05,1995,sct_248153007,,,sct_14045001,CS_MII_Person_Vitalstatus_X,,,sct_41847000,sct_1220561009,,,2015-9-31,sct_1220561009,,sct_261665006,,,,sct_410672004,2008.0,6.0,15.0,sct_1220561009,,sct_1220561009,sct_1220561009,sct_1220561009,ORPHA:71529,,E66.8,sct_1220561009,,,2008-02-04,sct_1220561009,sct_1220561009,sct_1220561009,hl7_conditionverstatus_confirmed,sct_373067005,,,sct_439401001_20401003_405824009,sct_373066001,,,sct_1220561009,ln_LA6706-1,sct_1220561009,,,,,,,,,,,,,sct_373066001,sct_1220561009,"""nan""",,"""nan""",,,,ln_LA26806-2,het.:c.403G>C/p.Ala135P,,NM_005912.3:c.307G>A,NP_005903.2:p.Ala135Pro,HGNC:6932,sct_1220561009,,ln_LA26334-5,sct_1220561009,ln_LA26806-2,,,,NP_005903.2:p.Asp37Val,HGNC:6932,,,,,ln_LA26806-2,,,,,HGNC:6932,,,,,,,,,,,,,,,,,,,,,,,,,,,,,,,,,,,,,,,,,,,,,,,,,,,,,,,,,,,,,,,,,,,,,,,,,,,,,,,,,,,,,,,,,,,,,,,,,,,2004-01-13,,,HP:0025500,,,,,,,,,,,,,,,,,,,,,,,,,,,,,,,,,,,,,,,,,,,,,,,,,,,,,,sct_1220561009,sct_1220561009,,,sct_1220561009,sct_1220561009,,,sct_1220561009,,,,,,,,,,,,,,,,,,,,,sct_1220561009,,,,,,,,,,,,,,,,,,,,,sct_1220561009,sct_1220561009,sct_1220561009,sct_1220561009,sct_1220561009,sct_1220561009,sct_1220561009,sct_1220561009,sct_1220561009,sct_1220561009,,sct_1220561009,,
14,LB004,2023-09-05,2002,sct_248152002,,,sct_14045001,CS_MII_Person_Vitalstatus_X,,,sct_41847000,sct_1220561009,,,2007-13-16,sct_1220561009,,sct_261665006,,,,sct_410672004,2010.0,4.0,6.0,sct_1220561009,,sct_1220561009,sct_1220561009,sct_1220561009,ORPHA:71529,,E66.8,sct_1220561009,,,2020-12-03,sct_1220561009,sct_1220561009,sct_1220561009,hl7_conditionverstatus_confirmed,sct_373067005,,,sct_439401001_20401003_405824009,sct_373066001,,,sct_1220561009,ln_LA6706-1,sct_1220561009,,,,,,,,,,,,,sct_373066001,sct_1220561009,"""nan""",,"""nan""",,,,ln_LA26806-2,L198l (-> I198L oder I198I) ?,,NM_005912.3:c.821A>G,NP_005903.2:p.Asn274Ser,HGNC:6932,sct_1220561009,SO_1000002,,sct_1220561009,ln_LA26806-2,,,,,HGNC:6932,,,,,ln_LA26806-2,,,,,HGNC:6932,,,,,,,,,,,,,,,,,,,,,,,,,,,,,,,,,,,,,,,,,,,,,,,,,,,,,,,,,,,,,,,,,,,,,,,,,,,,,,,,,,,,,,,,,,,,,,,,HP:0025499,,,,,,,,,,,,,,,,,,,,,,,,,,,,,,,,,,,,,,,,,,,,,,,,,,,,,,,,,,,,sct_1220561009,sct_1220561009,,,sct_1220561009,sct_1220561009,,,sct_1220561009,,,,,,,,,,,,,,,,,,,,,sct_1220561009,,,,,,,,,,,,,,,,,,,,,sct_1220561009,sct_1220561009,sct_1220561009,sct_1220561009,sct_1220561009,sct_1220561009,sct_1220561009,sct_1220561009,sct_1220561009,sct_1220561009,,sct_1220561009,,
59,AA070,2023-09-05,1997,sct_248152002,,,sct_14045001,CS_MII_Person_Vitalstatus_X,,,sct_41847000,sct_1220561009,,,2015-9-31,sct_1220561009,,sct_261665006,,,,sct_410672004,2006.0,8.0,3.0,sct_1220561009,,sct_1220561009,sct_1220561009,sct_1220561009,ORPHA:71529,,E66.8,sct_1220561009,,,2011-04-18,sct_1220561009,sct_1220561009,sct_1220561009,hl7_conditionverstatus_confirmed,sct_373067005,,,sct_439401001_20401003_405824009,sct_373066001,,,sct_1220561009,ln_LA6706-1,sct_1220561009,,,,,,,,,,,,,sct_373066001,sct_1220561009,"""155541.0024""",,"""nan""",,,,ln_LA26806-2,T112M,,,NP_005903.2:p.Ile251Leu,HGNC:6932,sct_1220561009,SO_1000002,ln_LA6675-8,sct_1220561009,ln_LA26806-2,,,,,HGNC:6932,,,,,ln_LA26806-2,,,,,HGNC:6932,,,,,,,,,,,,,,,,,,,,,,,,,,,,,,,,,,,,,,,,,,,,,,,,,,,,,,,,,,,,,,,,,,,,,,,,,,,,,,,,,,,,,,,,,,,,,,,,HP:0025499,,HP:0025499,2007-10-23,,,,,,,,,,,,,,,,,,,,,,,,,,,,,,,,,,,,,,,,,,,,,,,,,,,,,,,,,sct_1220561009,sct_1220561009,,,sct_1220561009,sct_1220561009,,,sct_1220561009,,,,,,,,,,,,,,,,,,,,,sct_1220561009,,,,,,,,,,,,,,,,,,,,,sct_1220561009,sct_1220561009,sct_1220561009,sct_1220561009,sct_1220561009,sct_1220561009,sct_1220561009,sct_1220561009,sct_1220561009,sct_1220561009,,sct_1220561009,,
55,AV020,2023-09-05,1996,sct_248152002,,,,CS_MII_Person_Vitalstatus_X,,,sct_41847000,sct_1220561009,,,2006-14-18,sct_1220561009,,sct_261665006,,,,sct_410672004,2001.0,3.0,21.0,sct_1220561009,,sct_1220561009,sct_1220561009,sct_1220561009,ORPHA:71529,,E66.8,sct_1220561009,,,2001-07-15,sct_1220561009,sct_1220561009,sct_1220561009,hl7_conditionverstatus_confirmed,sct_373067005,,,sct_439401001_20401003_405824009,sct_373066001,,,sct_1220561009,sct_1220561009,sct_1220561009,,,,,,,,,,,,,sct_373066001,sct_1220561009,"""155541.0024""",,"""nan""",,,,ln_LA26806-2,V103l,,NM_005912.3:c.181G>T,NP_005903.2:p.Val103Ile,HGNC:6932,sct_1220561009,,,sct_1220561009,ln_LA26806-2,,,,,HGNC:6932,,,,,ln_LA26806-2,,,,,HGNC:6932,,,,,,,,,,,,,,,,,,,,,,,,,,,,,,,,,,,,,,,,,,,,,,,,,,,,,,,,,,,,,,,,,,,,,,,,,,,,,,,,,,,,,,,,,,,,,,,,,,,,,,,,,,,,,,,,,,,,,,,,,,,,,,,,,,,,,,,,,,,,,,,,,,,,,,,,,,,,sct_1220561009,sct_1220561009,,,sct_1220561009,sct_1220561009,,,sct_1220561009,,,,,,,,,,,,,,,,,,,,,sct_1220561009,,,,,,,,,,,,,,,,,,,,,sct_1220561009,sct_1220561009,sct_1220561009,sct_1220561009,sct_1220561009,sct_1220561009,sct_1220561009,sct_1220561009,sct_1220561009,sct_1220561009,,sct_1220561009,,
1,HJ081,2023-09-05,2004,sct_248153007,,,sct_14045001,CS_MII_Person_Vitalstatus_X,,,sct_263659003,sct_1220561009,,,2018-3-3,sct_1220561009,,sct_261665006,,,,sct_410672004,2005.0,9.0,27.0,sct_1220561009,,sct_1220561009,sct_1220561009,sct_1220561009,ORPHA:71529,,E66.8,sct_1220561009,,,2009-02-10,sct_1220561009,sct_1220561009,sct_1220561009,hl7_conditionverstatus_confirmed,sct_373067005,,,sct_439401001_20401003_405824009,sct_373066001,,,sct_1220561009,ln_LA6706-1,sct_1220561009,,,,,,,,,,,,,sct_373066001,sct_1220561009,"""nan""",,"""nan""",,,,ln_LA26806-2,c. 253A>G / p.Ser85Gly,,NM_005912.3:c.239A>G,,HGNC:6932,sct_1220561009,,ln_LA26332-9,sct_1220561009,ln_LA26806-2,,,,,HGNC:6932,,,,,ln_LA26806-2,,,,,HGNC:6932,,,,,,,,,,,,,,,,,,,,,,,,,,,,,,,,,,,,,,,,,,,,,,,,,,,,,,,,,,,,,,,,,,,,,,,,,,,,,,,,,,,,,,,,,,,,,,,,HP:0025499,1998-01-05,,,,,,,,,,,,,,,,,,,,,,,,,,,,,,,,,,,,,,,,,,,,,,,,,,,,,,,,,,,sct_1220561009,sct_1220561009,,,sct_1220561009,sct_1220561009,,,sct_1220561009,,,,,,,,,,,,,,,,,,,,,sct_1220561009,,,,,,,,,,,,,,,,,,,,,sct_1220561009,sct_1220561009,sct_1220561009,sct_1220561009,sct_1220561009,sct_1220561009,sct_1220561009,sct_1220561009,sct_1220561009,sct_1220561009,,sct_1220561009,,
5,AK050,2023-09-05,1988,sct_248152002,,,sct_372148003_246261001_26242008,CS_MII_Person_Vitalstatus_X,,,sct_255398004,sct_1220561009,,,2018-7-15,sct_1220561009,,sct_261665006,,,,sct_410672004,2020.0,11.0,6.0,sct_1220561009,,sct_1220561009,sct_1220561009,sct_1220561009,ORPHA:71529,,E66.8,sct_1220561009,,,,sct_1220561009,sct_1220561009,sct_1220561009,hl7_conditionverstatus_confirmed,sct_373067005,,,sct_439401001_20401003_405824009,sct_373066001,,,sct_1220561009,ln_LA6706-1,sct_1220561009,,,,,,,,,,,,,sct_373066001,sct_1220561009,"""155541.0024""",,"""nan""",,,,ln_LA26806-2,T112M,,NM_005912.3:c.307G>A,NP_005903.2:p.Val103Ile,HGNC:6932,,SO_1000002,ln_LA26334-5,sct_1220561009,ln_LA26806-2,,,NM_005912.3:c.110A>T,,HGNC:6932,sct_1220561009,,,,ln_LA26806-2,,,,,HGNC:6932,,,,,,,,,,,,,,,,,,,,,,,,,,,,,,,,,,,,,,,,,,,,,,,,,,,,,,,,,,,,,,,,,,,,,,,,,,,,,,,,,,,,,,,,,,,,,,,,HP:0025501,,,,HP:0025500,,,,,,,,,,,,,,,,,,,,,,,,,,,,,,,,,,,,,,,,,,,,,,,,,,,,,,,,sct_1220561009,sct_1220561009,,,sct_1220561009,sct_1220561009,,,sct_1220561009,,,,,,,,,,,,,,,,,,,,,sct_1220561009,,,,,,,,,,,,,,,,,,,,,sct_1220561009,sct_1220561009,sct_1220561009,sct_1220561009,sct_1220561009,sct_1220561009,sct_1220561009,sct_1220561009,sct_1220561009,sct_1220561009,,sct_1220561009,,
48,AA009,2023-09-05,2013,sct_248153007,,,sct_14045001,CS_MII_Person_Vitalstatus_X,,,sct_41847000,sct_1220561009,,,2019-6-15,sct_1220561009,,sct_261665006,,,,sct_410672004,,2.0,10.0,sct_1220561009,,sct_1220561009,sct_1220561009,sct_1220561009,ORPHA:71529,,E66.8,sct_1220561009,,,2008-11-19,sct_1220561009,sct_1220561009,sct_1220561009,hl7_conditionverstatus_confirmed,sct_373067005,,,sct_439401001_20401003_405824009,sct_373066001,,,sct_1220561009,ln_LA6706-1,sct_1220561009,,,,,,,,,,,,,sct_373066001,sct_1220561009,"""155541.0024""",,"""nan""",,,,ln_LA26806-2,D90N,,NM_005912.3:c.523G>A,NP_005903.2:p.Asn274Ser,HGNC:6932,sct_1220561009,,ln_LA6675-8,sct_1220561009,ln_LA26806-2,,,,,HGNC:6932,,,,,ln_LA26806-2,,,,,HGNC:6932,,,,,,,,,,,,,,,,,,,,,,,,,,,,,,,,,,,,,,,,,,,,,,,,,,,,,,,,,,,,,,,,,,,,,,,,,,,,,,,,,,,,,,,,,,,,,,,,,,HP:0025499,2010-02-25,HP:0025500,,,,,,,,,,,,,,,,,,,,,,,,,,,,,,,,,,,,,,,,,,,,,,,,,,,,,,,,sct_1220561009,sct_1220561009,,,sct_1220561009,sct_1220561009,,,sct_1220561009,,,,,,,,,,,,,,,,,,,,,sct_1220561009,,,,,,,,,,,,,,,,,,,,,sct_1220561009,sct_1220561009,sct_1220561009,sct_1220561009,sct_1220561009,sct_1220561009,sct_1220561009,sct_1220561009,sct_1220561009,sct_1220561009,,sct_1220561009,,
48,EH076,2023-09-05,2014,sct_248153007,,,sct_372148003_246261001_26242008,CS_MII_Person_Vitalstatus_X,,,sct_41847000,sct_1220561009,,,2009-16-28,sct_1220561009,,sct_261665006,,,,sct_410672004,2014.0,11.0,29.0,sct_1220561009,,sct_1220561009,sct_1220561009,sct_1220561009,ORPHA:71529,,E66.8,sct_1220561009,,,2014-05-07,sct_1220561009,sct_1220561009,sct_1220561009,hl7_conditionverstatus_confirmed,sct_373067005,,,sct_439401001_20401003_405824009,sct_373066001,,,sct_1220561009,ln_LA6706-1,sct_1220561009,,,,,,,,,,,,,sct_373066001,sct_1220561009,"""nan""",,"""nan""",,,,ln_LA26806-2,c.751A>c hetero/p.I251L,,NM_005912.3:c.380C>T,NP_005903.2:p.Gly181Asp,HGNC:6932,,SO_1000002,,sct_1220561009,ln_LA26806-2,,,,,HGNC:6932,,,,,ln_LA26806-2,,,,,HGNC:6932,,,,,,,,,,,,,,,,,,,,,,,,,,,,,,,,,,,,,,,,,,,,,,,,,,,,,,,,,,,,,,,,,,,,,,,,,,,,,,,,,,,,,,,,,,,,,,,,,2006-03-16,,2000-12-13,,,,,,,,,,,,,,,,,,,,,,,,,,,,,,,,,,,,,,,,,,,,,,,,,,,,,,,,,sct_1220561009,sct_1220561009,,,sct_1220561009,sct_1220561009,,,sct_1220561009,,,,,,,,,,,,,,,,,,,,,sct_1220561009,,,,,,,,,,,,,,,,,,,,,sct_1220561009,sct_1220561009,sct_1220561009,sct_1220561009,sct_1220561009,sct_1220561009,sct_1220561009,sct_1220561009,sct_1220561009,sct_1220561009,,sct_1220561009,,
91,AT028,2023-09-05,1992,sct_248152002,,,sct_14045001,CS_MII_Person_Vitalstatus_X,,,sct_41847000,sct_1220561009,,,2007-13-17,sct_1220561009,,sct_261665006,,,,sct_410672004,2008.0,6.0,25.0,sct_1220561009,,sct_1220561009,sct_1220561009,sct_1220561009,ORPHA:71529,,E66.8,sct_1220561009,,,2020-12-03,sct_1220561009,sct_1220561009,sct_1220561009,hl7_conditionverstatus_confirmed,sct_373067005,,,sct_439401001_20401003_405824009,sct_373066001,,,sct_1220561009,ln_LA6706-1,sct_1220561009,,,,,,,,,,,,,sct_373066001,sct_1220561009,"""nan""",,"""nan""",,,,ln_LA26806-2,V103l,,NM_005912.3:c.307G>A,NP_005903.2:p.Val103Ile,HGNC:6932,sct_1220561009,SO_1000002,ln_LA6675-8,sct_1220561009,ln_LA26806-2,,,NM_005912.3:c.474T>C,,HGNC:6932,,,,,ln_LA26806-2,,,,,HGNC:6932,,,,,,,,,,,,,,,,,,,,,,,,,,,,,,,,,,,,,,,,,,,,,,,,,,,,,,,,,,,,,,,,,,,,,,,,,,,,,,,,,,,,,,,,,,,,,,,,HP:0025499,,,,,,,,,,,,,,,,,,,,,,,,,,,,,,,,,,,,,,,,,,,,,,,,,,,,,,,,,,,,sct_1220561009,sct_1220561009,,,sct_1220561009,sct_1220561009,,,sct_1220561009,,,,,,,,,,,,,,,,,,,,,sct_1220561009,,,,,,,,,,,,,,,,,,,,,sct_1220561009,sct_1220561009,sct_1220561009,sct_1220561009,sct_1220561009,sct_1220561009,sct_1220561009,sct_1220561009,sct_1220561009,sct_1220561009,,sct_1220561009,,
13,AT028,2023-09-05,1998,sct_248153007,,,sct_14045001,CS_MII_Person_Vitalstatus_X,,,sct_263659003,sct_1220561009,,,2008-16-21,sct_1220561009,,sct_261665006,,,,sct_410672004,2005.0,4.0,20.0,sct_1220561009,,sct_1220561009,sct_1220561009,sct_1220561009,ORPHA:71529,,E66.8,sct_1220561009,,,2019-06-18,sct_1220561009,sct_1220561009,sct_1220561009,hl7_conditionverstatus_confirmed,sct_373067005,,,sct_439401001_20401003_405824009,sct_373066001,,,sct_1220561009,ln_LA6706-1,sct_1220561009,,,,,,,,,,,,,sct_373066001,sct_1220561009,"""nan""",,"""nan""",,,,ln_LA26806-2,p.Val103Lle,,NM_005912.3:c.181G>T,NP_005903.2:p.Glu61Lys,HGNC:6932,,SO_1000002,ln_LA6675-8,sct_1220561009,ln_LA26806-2,,,,,HGNC:6932,,,ln_LA26333-7,,ln_LA26806-2,,,,,HGNC:6932,,,,,,,,,,,,,,,,,,,,,,,,,,,,,,,,,,,,,,,,,,,,,,,,,,,,,,,,,,,,,,,,,,,,,,,,,,,,,,,,,,,,,,,,,,,,,,,,HP:0025499,,,,,,,,,,,,,,,,,,,,,,,,,,,,,,,,,,,,,,,,,,,,,,,,,,,,,,,,,,,,sct_1220561009,sct_1220561009,,,sct_1220561009,sct_1220561009,,,sct_1220561009,,,,,,,,,,,,,,,,,,,,,sct_1220561009,,,,,,,,,,,,,,,,,,,,,sct_1220561009,sct_1220561009,sct_1220561009,sct_1220561009,sct_1220561009,sct_1220561009,sct_1220561009,sct_1220561009,sct_1220561009,sct_1220561009,,sct_1220561009,,
77,MM077,2023-09-05,2002,sct_248152002,,,sct_372148003_246261001_26242008,CS_MII_Person_Vitalstatus_X,,,sct_41847000,sct_1220561009,,,2009-13-18,sct_1220561009,,sct_261665006,,,,sct_410672004,2008.0,2.0,26.0,sct_1220561009,,sct_1220561009,sct_1220561009,sct_1220561009,ORPHA:71529,,E66.8,sct_1220561009,,,2018-10-17,sct_1220561009,sct_1220561009,sct_255401001,hl7_conditionverstatus_confirmed,sct_373067005,,,sct_439401001_20401003_405824009,sct_373066001,,,sct_1220561009,ln_LA6706-1,sct_1220561009,,,,,,,,,,,,,sct_373066001,sct_1220561009,"""nan""",,"""nan""",,,,ln_LA26806-2,V103l,,NM_005912.3:c.307G>A,NP_005903.2:p.Ser85Gly,HGNC:6932,sct_1220561009,SO_1000002,ln_LA6668-3,sct_1220561009,ln_LA26806-2,,,,,HGNC:6932,,,,,ln_LA26806-2,,,,,HGNC:6932,,,,,,,,,,,,,,,,,,,,,,,,,,,,,,,,,,,,,,,,,,,,,,,,,,,,,,,,,,,,,,,,,,,,,,,,,,,,,,,,,,,,,,,,,,,,,,,,,2005-08-23,,,,2003-10-29,,,,,,,,,,,,,,,,,,,,,,,,,,,,,,,,,,,,,,,,,,,,,,,,,,,,,,,sct_1220561009,sct_1220561009,,,sct_1220561009,sct_1220561009,,,sct_1220561009,,,,,,,,,,,,,,,,,,,,,sct_1220561009,,,,,,,,,,,,,,,,,,,,,sct_1220561009,sct_1220561009,sct_1220561009,sct_1220561009,sct_1220561009,sct_1220561009,sct_1220561009,sct_1220561009,sct_1220561009,sct_1220561009,,sct_1220561009,,
26,RK101,2023-09-05,1992,sct_248153007,,,,CS_MII_Person_Vitalstatus_X,,,sct_41847000,sct_1220561009,,,2002-5-24,sct_1220561009,,sct_261665006,,,,sct_410672004,2009.0,10.0,6.0,sct_1220561009,,sct_1220561009,sct_1220561009,sct_1220561009,ORPHA:71529,,E66.8,sct_1220561009,,,2001-05-15,sct_1220561009,sct_1220561009,sct_1220561009,hl7_conditionverstatus_confirmed,sct_373067005,,,sct_439401001_20401003_405824009,sct_373066001,,,sct_1220561009,ln_LA6706-1,sct_1220561009,,,,,,,,,,,,,sct_373066001,sct_1220561009,"""nan""",,"""nan""",,,,ln_LA26806-2,c.253A>G / pSer85Gly,,NM_005912.3:c.268G>A,NP_005903.2:p.Ile251Leu,HGNC:6932,sct_1220561009,SO_1000002,ln_LA26333-7,sct_1220561009,ln_LA26806-2,,,NM_005912.3:c.474T>C,,HGNC:6932,,,,,ln_LA26806-2,,,,,HGNC:6932,,,,,,,,,,,,,,,,,,,,,,,,,,,,,,,,,,,,,,,,,,,,,,,,,,,,,,,,,,,,,,,,,,,,,,,,,,,,,,,,,,,,,,,,,,,,,,,,HP:0025499,,,2009-01-26,,,,,,,,,,,,,,,,,,,,,,,,,,,,,,,,,,,,,,,,,,,,,,,,,,,,,,,,,sct_1220561009,sct_1220561009,,,sct_1220561009,sct_1220561009,,,sct_1220561009,,,,,,,,,,,,,,,,,,,,,sct_1220561009,,,,,,,,,,,,,,,,,,,,,sct_1220561009,sct_1220561009,sct_1220561009,sct_1220561009,sct_1220561009,sct_1220561009,sct_1220561009,sct_1220561009,sct_1220561009,sct_1220561009,,sct_1220561009,,
61,NL011,2023-09-05,2008,sct_248153007,,,sct_14045001,CS_MII_Person_Vitalstatus_X,,,sct_41847000,sct_1220561009,,,2020-12-2,sct_1220561009,,sct_261665006,,,,sct_410672004,2009.0,10.0,28.0,sct_1220561009,,sct_1220561009,sct_1220561009,sct_1220561009,ORPHA:71529,,E66.8,sct_1220561009,,,2007-03-12,sct_1220561009,sct_1220561009,sct_1220561009,hl7_conditionverstatus_confirmed,sct_373067005,,,sct_439401001_20401003_405824009,sct_373066001,,,sct_1220561009,ln_LA6706-1,sct_1220561009,,,,,,,,,,,,,sct_373066001,sct_1220561009,"""nan""",,"""nan""",,,,ln_LA26806-2,N274S,,NM_005912.3:c.751A>C,NP_005903.2:p.Arg165Gln,HGNC:6932,sct_1220561009,,ln_LA6675-8,sct_1220561009,ln_LA26806-2,,,,,HGNC:6932,,,,,ln_LA26806-2,,,,,HGNC:6932,,,,,,,,,,,,,,,,,,,,,,,,,,,,,,,,,,,,,,,,,,,,,,,,,,,,,,,,,,,,,,,,,,,,,,,,,,,,,,,,,,,,,,,,,,,,,,,,,,,1997-01-25,,,,,,,,,,,,,,,,,,,,,,,,,,,,,,,,,,,,,,,,,,,,,,,,,,,,,,,,,sct_1220561009,sct_1220561009,,,sct_1220561009,sct_1220561009,,,sct_1220561009,,,,,,,,,,,,,,,,,,,,,sct_1220561009,,,,,,,,,,,,,,,,,,,,,sct_1220561009,sct_1220561009,sct_1220561009,sct_1220561009,sct_1220561009,sct_1220561009,sct_1220561009,sct_1220561009,sct_1220561009,sct_1220561009,,sct_1220561009,,
7,AS063,2023-09-05,2000,sct_248153007,,,sct_14045001,CS_MII_Person_Vitalstatus_X,,,sct_41847000,sct_1220561009,,,2006-14-28,sct_1220561009,,sct_261665006,,,,sct_410672004,2009.0,3.0,27.0,sct_1220561009,,sct_1220561009,sct_1220561009,sct_1220561009,ORPHA:71529,,E66.8,sct_1220561009,,,2013-01-29,sct_1220561009,sct_1220561009,sct_1220561009,hl7_conditionverstatus_confirmed,sct_373067005,,,sct_439401001_20401003_405824009,sct_373066001,,,sct_1220561009,ln_LA6706-1,sct_1220561009,,,,,,,,,,,,,sct_373066001,sct_1220561009,"""nan""",,"""nan""",,,,ln_LA26806-2,I251L,,NM_005912.3:c.307G>A,NP_005903.2:p.Val103Ile,HGNC:6932,sct_1220561009,SO_1000002,ln_LA6675-8,sct_1220561009,ln_LA26806-2,,,,,HGNC:6932,,,,,ln_LA26806-2,,,,,HGNC:6932,,,,,,,,,,,,,,,,,,,,,,,,,,,,,,,,,,,,,,,,,,,,,,,,,,,,,,,,,,,,,,,,,,,,,,,,,,,,,,,,,,,,,,,,,,,,,,,,HP:0025499,,,,,,,,,,,,,,,,,,,,,,,,,,,,,,,,,,,,,,,,,,,,,,,,,,,,,,,,,,,,sct_1220561009,sct_1220561009,,,sct_1220561009,sct_1220561009,,,sct_1220561009,,,,,,,,,,,,,,,,,,,,,sct_1220561009,,,,,,,,,,,,,,,,,,,,,sct_1220561009,sct_1220561009,sct_1220561009,sct_1220561009,sct_1220561009,sct_1220561009,sct_1220561009,sct_1220561009,sct_1220561009,sct_1220561009,,sct_1220561009,,
6,EP039,2023-09-05,1997,sct_248152002,,,sct_372148003_246261001_26242008,CS_MII_Person_Vitalstatus_X,,,sct_255398004,sct_1220561009,,,2013-13-30,sct_1220561009,,sct_261665006,,,,sct_410672004,2008.0,3.0,9.0,sct_1220561009,,sct_1220561009,sct_1220561009,sct_1220561009,ORPHA:71529,,E66.8,sct_1220561009,,,2015-02-24,sct_1220561009,sct_1220561009,sct_1220561009,hl7_conditionverstatus_confirmed,sct_373067005,,,sct_439401001_20401003_405824009,sct_373066001,,,sct_1220561009,ln_LA6706-1,sct_1220561009,,,,,,,,,,,,,sct_373066001,sct_1220561009,"""nan""",,"""nan""",,,,ln_LA26806-2,p.V103l,,NM_005912.3:c.307G>A,NP_005903.2:p.Ser127Leu,HGNC:6932,,SO_1000002,ln_LA6675-8,sct_1220561009,ln_LA26806-2,,,NM_005912.3:c.802T>C,,HGNC:6932,,,,,ln_LA26806-2,,,,,HGNC:6932,,,,,,,,,,,,,,,,,,,,,,,,,,,,,,,,,,,,,,,,,,,,,,,,,,,,,,,,,,,,,,,,,,,,,,,,,,,,,,,,,,,,,,,,,,,,,,,,,2004-01-26,,1998-11-12,,2004-09-04,,,,,,,,,,,,,,,,,,,,,,,,,,,,,,,,,,,,,,,,,,,,,,,,,,,,,,,sct_1220561009,sct_1220561009,,,sct_1220561009,sct_1220561009,,,sct_1220561009,,,,,,,,,,,,,,,,,,,,,sct_1220561009,,,,,,,,,,,,,,,,,,,,,sct_1220561009,sct_1220561009,sct_1220561009,sct_1220561009,sct_1220561009,sct_1220561009,sct_1220561009,sct_1220561009,sct_1220561009,sct_1220561009,,sct_1220561009,,
32,AS014,2023-09-05,1999,sct_248152002,,,sct_14045001,CS_MII_Person_Vitalstatus_X,,,sct_263659003,sct_1220561009,,,2017-11-10,sct_1220561009,,sct_261665006,,,,sct_410672004,2010.0,2.0,9.0,sct_1220561009,,sct_1220561009,sct_1220561009,sct_1220561009,ORPHA:71529,,E66.8,sct_1220561009,,,,sct_1220561009,sct_1220561009,sct_255401001,hl7_conditionverstatus_confirmed,sct_373067005,,,sct_439401001_20401003_405824009,sct_373066001,,,sct_1220561009,sct_1220561009,sct_1220561009,,,,,,,,,,,,,sct_373066001,sct_1220561009,"""nan""",,"""nan""",,,,ln_LA26806-2,Gly181Asp het. (rs13447333),,NM_005912.3:c.523G>A,NP_005903.2:p.Val103Ile,HGNC:6932,sct_1220561009,SO_1000002,,sct_1220561009,ln_LA26806-2,,,,,HGNC:6932,,,ln_LA26333-7,,ln_LA26806-2,,,,,HGNC:6932,,,,,,,,,,,,,,,,,,,,,,,,,,,,,,,,,,,,,,,,,,,,,,,,,,,,,,,,,,,,,,,,,,,,,,,,,,,,,,,,,,,,,,,,,,,,,,,,,,HP:0025499,,,,,,,,,,,,,,,,,,,,,,,,,,,,,,,,,,,,,,,,,,,,,,,,,,,,,,,,,,sct_1220561009,sct_1220561009,,,sct_1220561009,sct_1220561009,,,sct_1220561009,,,,,,,,,,,,,,,,,,,,,sct_1220561009,,,,,,,,,,,,,,,,,,,,,sct_1220561009,sct_1220561009,sct_1220561009,sct_1220561009,sct_1220561009,sct_1220561009,sct_1220561009,sct_1220561009,sct_1220561009,sct_1220561009,,sct_1220561009,,
9,SH027,2023-09-05,2000,sct_248153007,,,sct_14045001,CS_MII_Person_Vitalstatus_X,,,sct_41847000,sct_1220561009,,,2008-16-21,sct_1220561009,,sct_261665006,,,,sct_410672004,2019.0,2.0,18.0,sct_1220561009,,sct_1220561009,sct_1220561009,sct_1220561009,ORPHA:71529,,E66.8,sct_1220561009,,,2010-05-05,sct_1220561009,sct_1220561009,sct_1220561009,hl7_conditionverstatus_confirmed,sct_373067005,,,sct_439401001_20401003_405824009,sct_373066001,,,sct_1220561009,ln_LA6706-1,sct_1220561009,,,,,,,,,,,,,sct_373066001,sct_1220561009,"""155541.0024""",,"""nan""",,,,ln_LA26806-2,p.V103l homo.,,NM_005912.3:c.307G>A,NP_005903.2:p.Pro48Ser,HGNC:6932,sct_1220561009,SO_1000002,ln_LA6675-8,sct_1220561009,ln_LA26806-2,,,,,HGNC:6932,,,,,ln_LA26806-2,,,,,HGNC:6932,,,ln_LA26334-5,,,,,,,,,,,,,,,,,,,,,,,,,,,,,,,,,,,,,,,,,,,,,,,,,,,,,,,,,,,,,,,,,,,,,,,,,,,,,,,,,,,,,,,,,,,,,HP:0025499,,,,,,,,,,,,,,,,,,,,,,,,,,,,,,,,,,,,,,,,,,,,,,,,,,,,,,,,,,,,sct_1220561009,sct_1220561009,,,sct_1220561009,sct_1220561009,,,sct_1220561009,,,,,,,,,,,,,,,,,,,,,sct_1220561009,,,,,,,,,,,,,,,,,,,,,sct_1220561009,sct_1220561009,sct_1220561009,sct_1220561009,sct_1220561009,sct_1220561009,sct_1220561009,sct_1220561009,sct_1220561009,sct_1220561009,,sct_1220561009,,
91,OS035,2023-09-05,1996,sct_248152002,,,sct_14045001,CS_MII_Person_Vitalstatus_X,,,sct_41847000,sct_1220561009,,,2009-7-21,sct_1220561009,,sct_261665006,,,,sct_410672004,2014.0,11.0,11.0,sct_1220561009,,sct_1220561009,sct_1220561009,sct_373067005,ORPHA:71529,,E66.8,sct_1220561009,,,2013-04-10,sct_1220561009,sct_1220561009,sct_1220561009,hl7_conditionverstatus_confirmed,sct_373067005,,,sct_439401001_20401003_405824009,sct_373066001,,,sct_1220561009,sct_1220561009,sct_1220561009,,,,,,,,,,,,,sct_373066001,sct_1220561009,"""nan""",,"""nan""",,,,ln_LA26806-2,V103l,,NM_005912.3:c.307G>A,NP_005903.2:p.Val103Ile,HGNC:6932,sct_1220561009,SO_1000002,ln_LA26333-7,sct_1220561009,ln_LA26806-2,,,,,HGNC:6932,,,ln_LA26333-7,,ln_LA26806-2,,,,,HGNC:6932,,,,,,,,,,,,,,,,,,,,,,,,,,,,,,,,,,,,,,,,,,,,,,,,,,,,,,,,,,,,,,,,,,,,,,,,,,,,,,,,,,,,,,,,,,,,,,,,,,,2012-05-02,,,,,,,,,,,,,,,,,,,,,,,,,,,,,,,,,,,,,,,,,,,,,,,,,,,,,,,,,sct_1220561009,sct_1220561009,,,sct_1220561009,sct_1220561009,,,sct_1220561009,,,,,,,,,,,,,,,,,,,,,sct_1220561009,,,,,,,,,,,,,,,,,,,,,sct_1220561009,sct_1220561009,sct_1220561009,sct_1220561009,sct_1220561009,sct_1220561009,sct_1220561009,sct_1220561009,sct_1220561009,sct_1220561009,,sct_1220561009,,
10,XK057,2023-09-05,2004,sct_248153007,,,,CS_MII_Person_Vitalstatus_X,,,sct_255398004,sct_1220561009,,,2018-3-3,sct_1220561009,,sct_261665006,,,,sct_410672004,2009.0,2.0,27.0,sct_1220561009,,sct_1220561009,sct_1220561009,sct_373066001,ORPHA:71529,,E66.8,sct_1220561009,,,2001-07-17,sct_1220561009,sct_1220561009,sct_1220561009,hl7_conditionverstatus_confirmed,sct_373067005,,,sct_439401001_20401003_405824009,sct_373066001,,,sct_1220561009,ln_LA6705-3,sct_1220561009,,,,,,,,,,,,,sct_373066001,sct_1220561009,"""155541.0024""",,"""nan""",,,,ln_LA26806-2,T11l,,NM_005912.3:c.380C>T,NP_005903.2:p.Ile251Leu,HGNC:6932,,SO_1000002,,sct_1220561009,ln_LA26806-2,,,,,HGNC:6932,,,,,ln_LA26806-2,,,NM_005912.3:c.751A>C,,HGNC:6932,,,,,,,,,,,,,,,,,,,,,,,,,,,,,,,,,,,,,,,,,,,,,,,,,,,,,,,,,,,,,,,,,,,,,,,,,,,,,,,,,,,,,,,,,,,,,,,,,,,,,,,,,,,,,,,,,,,,,,,,,,,,,,,,,,,,,,,,,,,,,,,,,,,,,,,,,,,,sct_1220561009,sct_1220561009,,,sct_1220561009,sct_1220561009,,,sct_1220561009,,,,,,,,,,,,,,,,,,,,,sct_1220561009,,,,,,,,,,,,,,,,,,,,,sct_1220561009,sct_1220561009,sct_1220561009,sct_1220561009,sct_1220561009,sct_1220561009,sct_1220561009,sct_1220561009,sct_1220561009,sct_1220561009,,sct_1220561009,,
49,EA082,2023-09-05,1996,sct_248152002,,,sct_372148003_246261001_26242008,CS_MII_Person_Vitalstatus_X,,,sct_41847000,sct_1220561009,,,2011-11-25,sct_1220561009,,sct_261665006,,,,sct_410672004,2015.0,9.0,10.0,sct_1220561009,,sct_1220561009,sct_1220561009,sct_1220561009,ORPHA:71529,,E66.8,sct_1220561009,,,2005-04-18,sct_1220561009,sct_1220561009,sct_255401001,hl7_conditionverstatus_confirmed,sct_373067005,,,sct_439401001_20401003_405824009,sct_373066001,,,sct_1220561009,ln_LA6706-1,sct_1220561009,,,,,,,,,,,,,sct_373066001,sct_1220561009,"""155541.0024""",,"""nan""",,,,ln_LA26806-2,p.V103l,,NM_005912.3:c.496G>C,,HGNC:6932,sct_1220561013,SO_1000002,ln_LA6675-8,sct_1220561009,ln_LA26806-2,,,,,HGNC:6932,,,,,ln_LA26806-2,,,,,HGNC:6932,,,,,,,,,,,,,,,,,,,,,,,,,,,,,,,,,,,,,,,,,,,,,,,,,,,,,,,,,,,,,,,,,,,,,,,,,,,,,,,,,,,,,,,,,,,,,,,,,1993-12-08,HP:0025502,2004-05-22,,,,,,,,,,,,,,,,,,,,,,,,,,,,,,,,,,,,,,,,,,,,,,,,,,,,,,,,,sct_1220561009,sct_1220561009,,,sct_1220561009,sct_1220561009,,,sct_1220561009,,,,,,,,,,,,,,,,,,,,,sct_1220561009,,,,,,,,,,,,,,,,,,,,,sct_1220561009,sct_1220561009,sct_1220561009,sct_1220561009,sct_1220561009,sct_1220561009,sct_1220561009,sct_1220561009,sct_1220561009,sct_1220561009,,sct_1220561009,,
67,NF033,2023-09-05,1992,sct_248153007,,,sct_372148003_246261001_26242008,CS_MII_Person_Vitalstatus_X,,,sct_41847000,sct_1220561009,,,2009-9-8,sct_1220561009,,sct_261665006,,,,sct_410672004,2008.0,1.0,15.0,sct_1220561009,,sct_1220561009,sct_1220561009,sct_1220561009,ORPHA:71529,,E66.8,sct_1220561009,,,2014-01-21,sct_1220561009,sct_1220561009,sct_1220561009,hl7_conditionverstatus_confirmed,sct_373067005,,,sct_439401001_20401003_405824009,sct_373066001,,,sct_1220561009,sct_1220561009,sct_1220561009,,,,,,,,,,,,,sct_373066001,sct_1220561009,"""155541.0008""",,"""nan""",,,,ln_LA26806-2,I170V,,NM_005912.3:c.307G>A,NP_005903.2:p.Ser127Leu,HGNC:6932,sct_1220561009,SO_1000002,ln_LA26333-7,sct_1220561009,ln_LA26806-2,c.802T>C  homo/ p.Tyr268His,,,,HGNC:6932,,,,,ln_LA26806-2,,,,,HGNC:6932,,,,,,,,,,,,,,,,,,,,,,,,,,,,,,,,,,,,,,,,,,,,,,,,,,,,,,,,,,,,,,,,,,,,,,,,,,,,,,,,,,,,,,,,,,,,,,,,HP:0025500,,,,HP:0025499,,,,,,,,,,,,,,,,,,,,,,,,,,,,,,,,,,,,,,,,,,,,,,,,,,,,,,,,sct_1220561009,sct_1220561009,,,sct_1220561009,sct_1220561009,,,sct_1220561009,,,,,,,,,,,,,,,,,,,,,sct_1220561009,,,,,,,,,,,,,,,,,,,,,sct_1220561009,sct_1220561009,sct_1220561009,sct_1220561009,sct_1220561009,sct_1220561009,sct_1220561009,sct_1220561009,sct_1220561009,sct_1220561009,,sct_1220561009,,
88,NS054,2023-09-05,2009,sct_248152002,,,sct_14045001,CS_MII_Person_Vitalstatus_X,,,sct_41847000,sct_1220561009,,,2007-17-29,sct_1220561009,,sct_261665006,,,,sct_410672004,2018.0,4.0,4.0,sct_1220561009,,sct_1220561009,sct_1220561009,sct_373067005,ORPHA:71529,,E66.8,sct_1220561009,,,2007-03-19,sct_1220561009,sct_1220561009,sct_1220561009,hl7_conditionverstatus_confirmed,sct_373067005,,,sct_439401001_20401003_405824009,sct_373066001,,,sct_1220561009,sct_1220561009,sct_1220561009,,,,,,,,,,,,,sct_373066001,sct_1220561009,"""155541.0015""",,"""nan""",,,,ln_LA26806-2,,,NM_005912.3:c.751A>C,NP_005903.2:p.Val103Ile,HGNC:6932,sct_1220561009,SO_1000002,ln_LA26334-5,sct_1220561009,ln_LA26806-2,,,,,HGNC:6932,,,,,ln_LA26806-2,,,,,HGNC:6932,,,,,,,,,,,,,,,,,,,,,,,,,,,,,,,,,,,,,,,,,,,,,,,,,,,,,,,,,,,,,,,,,,,,,,,,,,,,,,,,,,,,,,,,,,,,,,,,HP:0025499,1996-05-27,HP:0025502,2000-08-25,HP:0025500,,,,,,,,,,,,,,,,,,,,,,,,,,,,,,,,,,,,,,,,,,,,,,,,,,,,,,,,sct_1220561009,sct_1220561009,,,sct_1220561009,sct_1220561009,,,sct_1220561009,,,,,,,,,,,,,,,,,,,,,sct_1220561009,,,,,,,,,,,,,,,,,,,,,sct_1220561009,sct_1220561009,sct_1220561009,sct_1220561009,sct_1220561009,sct_1220561009,sct_1220561009,sct_1220561009,sct_1220561009,sct_1220561009,,sct_1220561009,,
11,NM089,2023-09-05,2011,sct_248153007,,,sct_372148003_246261001_26242008,CS_MII_Person_Vitalstatus_X,,,sct_41847000,sct_1220561009,,,2008-22-7,sct_1220561009,,sct_261665006,,,,sct_410672004,2014.0,5.0,19.0,sct_1220561009,,sct_1220561009,sct_1220561009,sct_373067005,ORPHA:71529,,E66.8,sct_1220561009,,,2008-06-03,sct_1220561009,sct_1220561009,sct_1220561009,hl7_conditionverstatus_confirmed,sct_373067005,,,sct_439401001_20401003_405824009,sct_373066001,,,sct_1220561009,sct_1220561009,sct_1220561009,,,,,,,,,,,,,sct_373066001,sct_1220561009,"""155541.0024""",,"""nan""",,,,ln_LA26806-2,V166l,,NM_005912.3:c.253A>G,NP_005903.2:p.Ile251Leu,HGNC:6932,sct_1220561009,SO_1000002,ln_LA6675-8,sct_1220561009,ln_LA26806-2,,,,,HGNC:6932,,,,,ln_LA26806-2,,,,,HGNC:6932,,,,,,,,,,,,,,,,,,,,,,,,,,,,,,,,,,,,,,,,,,,,,,,,,,,,,,,,,,,,,,,,,,,,,,,,,,,,,,,,,,,,,,,,,,,,,,,,,2004-01-26,,,,,,,,,,,,,,,,,,,,,,,,,,,,,,,,,,,,,,,,,,,,,,,,,,,,,,,,,,,sct_1220561009,sct_1220561009,,,sct_1220561009,sct_1220561009,,,sct_1220561009,,,,,,,,,,,,,,,,,,,,,sct_1220561009,,,,,,,,,,,,,,,,,,,,,sct_1220561009,sct_1220561009,sct_1220561009,sct_1220561009,sct_1220561009,sct_1220561009,sct_1220561009,sct_1220561009,sct_1220561009,sct_1220561009,,sct_1220561009,,
19,EA102,2023-09-05,1993,sct_248152002,,,sct_14045001,CS_MII_Person_Vitalstatus_X,,,sct_263659003,sct_1220561009,,,2008-7-4,sct_1220561009,,sct_261665006,,,,sct_410672004,2015.0,1.0,25.0,sct_1220561009,,sct_1220561009,sct_1220561009,sct_1220561009,ORPHA:71529,,E66.8,sct_1220561009,,,2016-08-16,sct_1220561009,sct_1220561009,sct_1220561009,hl7_conditionverstatus_confirmed,sct_373067005,,,sct_439401001_20401003_405824009,sct_373066001,,,sct_1220561009,sct_1220561009,sct_1220561009,,,,,,,,,,,,,sct_373066001,sct_1220561009,"""155541.0024""",,"""nan""",,,,ln_LA26806-2,"c.751A>C het., p.I251L",,,NP_005903.2:p.Thr112Met,HGNC:6932,sct_1220561012,SO_1000002,ln_LA26332-9,sct_1220561009,ln_LA26806-2,,,,,HGNC:6932,sct_1220561009,,,,ln_LA26806-2,,,,,HGNC:6932,,,,,,,,,,,,,,,,,,,,,,,,,,,,,,,,,,,,,,,,,,,,,,,,,,,,,,,,,,,,,,,,,,,,,,,,,,,,,,,,,,,,,,,,,,,,,,,,,,,2010-02-25,,,,,,,,,,,,,,,,,,,,,,,,,,,,,,,,,,,,,,,,,,,,,,,,,,,,,,,,,sct_1220561009,sct_1220561009,,,sct_1220561009,sct_1220561009,,,sct_1220561009,,,,,,,,,,,,,,,,,,,,,sct_1220561009,,,,,,,,,,,,,,,,,,,,,sct_1220561009,sct_1220561009,sct_1220561009,sct_1220561009,sct_1220561009,sct_1220561009,sct_1220561009,sct_1220561009,sct_1220561009,sct_1220561009,,sct_1220561009,,
63,AS014,2023-09-05,1998,sct_248152002,,,sct_14045001,CS_MII_Person_Vitalstatus_X,,,sct_41847000,sct_1220561009,,,2011-10-21,sct_1220561009,,sct_261665006,,,,sct_410672004,2013.0,9.0,15.0,sct_1220561009,,sct_1220561009,sct_1220561009,sct_1220561009,ORPHA:71529,,E66.8,sct_1220561009,,,2000-11-07,sct_1220561009,sct_1220561009,sct_1220561009,hl7_conditionverstatus_confirmed,sct_373067005,,,sct_439401001_20401003_405824009,sct_373066001,,,sct_1220561009,ln_LA6706-1,sct_1220561009,,,,,,,,,,,,,sct_373066001,sct_1220561009,"""nan""",,"""nan""",,,,ln_LA26806-2,p.V103I,,NM_005912.3:c.181G>T,NP_005903.2:p.Val103Ile,HGNC:6932,sct_1220561009,SO_1000002,ln_LA6675-8,sct_1220561009,ln_LA26806-2,,,,,HGNC:6932,,,,,ln_LA26806-2,,,,,HGNC:6932,,,,,,,,,,,,,,,,,,,,,,,,,,,,,,,,,,,,,,,,,,,,,,,,,,,,,,,,,,,,,,,,,,,,,,,,,,,,,,,,,,,,,,,,,,,,,,,,,,,2010-02-25,HP:0025502,2000-10-12,,,,,,,,,,,,,,,,,,,,,,,,,,,,,,,,,,,,,,,,,,,,,,,,,,,,,,,sct_1220561009,sct_1220561009,,,sct_1220561009,sct_1220561009,,,sct_1220561009,,,,,,,,,,,,,,,,,,,,,sct_1220561009,,,,,,,,,,,,,,,,,,,,,sct_1220561009,sct_1220561009,sct_1220561009,sct_1220561009,sct_1220561009,sct_1220561009,sct_1220561009,sct_1220561009,sct_1220561009,sct_1220561009,,sct_1220561009,,
92,AM030,2023-09-05,2014,sct_248152002,,,,CS_MII_Person_Vitalstatus_X,,,sct_41847000,sct_1220561009,,,2006-1-2,sct_1220561009,,sct_261665006,,,,sct_410672004,2014.0,7.0,29.0,sct_1220561009,,sct_1220561009,sct_1220561009,sct_1220561009,ORPHA:71529,,E66.8,sct_1220561009,,,2018-10-04,sct_1220561009,sct_1220561009,sct_1220561009,hl7_conditionverstatus_confirmed,sct_373067005,,,sct_439401001_20401003_405824009,sct_373066001,,,sct_1220561009,ln_LA6706-1,sct_1220561009,,,,,,,,,,,,,sct_373066001,sct_1220561009,"""155541.0024""",,"""nan""",,,,ln_LA26806-2,p.V103l,,NM_005912.3:c.307G>A,,HGNC:6932,sct_1220561009,SO_1000002,ln_LA6675-8,sct_1220561009,ln_LA26806-2,S127L,,,,HGNC:6932,,,,,ln_LA26806-2,,,,,HGNC:6932,,,,,,,,,,,,,,,,,,,,,,,,,,,,,,,,,,,,,,,,,,,,,,,,,,,,,,,,,,,,,,,,,,,,,,,,,,,,,,,,,,,,,,,,,,,,,,,,,,HP:0025499,,,,,,,,,,,,,,,,,,,,,,,,,,,,,,,,,,,,,,,,,,,,,,,,,,,,,,,,,,sct_1220561009,sct_1220561009,,,sct_1220561009,sct_1220561009,,,sct_1220561009,,,,,,,,,,,,,,,,,,,,,sct_1220561009,,,,,,,,,,,,,,,,,,,,,sct_1220561009,sct_1220561009,sct_1220561009,sct_1220561009,sct_1220561009,sct_1220561009,sct_1220561009,sct_1220561009,sct_1220561009,sct_1220561009,,sct_1220561009,,
63,NF033,2023-09-05,1998,sct_248153007,,,sct_14045001,CS_MII_Person_Vitalstatus_X,,,sct_41847000,sct_1220561009,,,2005-7-13,sct_1220561009,,sct_261665006,,,,sct_410672004,2009.0,7.0,17.0,sct_1220561009,,sct_1220561009,sct_1220561009,sct_1220561009,ORPHA:71529,,E66.8,sct_1220561009,,,2008-02-28,sct_1220561009,sct_1220561009,sct_1220561009,hl7_conditionverstatus_confirmed,sct_373067005,,,sct_439401001_20401003_405824009,sct_373066001,,,sct_1220561009,sct_1220561009,sct_1220561009,,,,,,,,,,,,,sct_373066001,sct_1220561009,"""155541.0024""",,"""nan""",,,,ln_LA26806-2,,,NM_005912.3:c.466C>T,NP_005903.2:p.Glu61Lys,HGNC:6932,sct_1220561009,SO_1000002,,sct_1220561009,ln_LA26806-2,,,,,HGNC:6932,,,,,ln_LA26806-2,,,,,HGNC:6932,,,,,,,,,,,,,,,,,,,,,,,,,,,,,,,,,,,,,,,,,,,,,,,,,,,,,,,,,,,,,,,,,,,,,,,,,,,,,,,,,,,,,,,,,,,,,,,,,,HP:0025500,,,,,2004-03-13,,,,,,,,,,,,,,,,,,,,,,,,,,,,,,,,,,,,,,,,,,,,,,,,,,,,,sct_1220561009,sct_1220561009,,,sct_1220561009,sct_1220561009,,,sct_1220561009,,,,,,,,,,,,,,,,,,,,,sct_1220561009,,,,,,,,,,,,,,,,,,,,,sct_1220561009,sct_1220561009,sct_1220561009,sct_1220561009,sct_1220561009,sct_1220561009,sct_1220561009,sct_1220561009,sct_1220561009,sct_1220561009,,sct_1220561009,,
30,MM077,2023-09-05,2001,sct_248152002,,,sct_372148003_246261001_26242008,CS_MII_Person_Vitalstatus_X,,,sct_263659003,sct_1220561009,,,2008-17-4,sct_1220561009,,sct_261665006,,,,sct_410672004,2008.0,8.0,20.0,sct_1220561009,,sct_1220561009,sct_1220561009,sct_373067005,ORPHA:71529,,E66.8,sct_1220561009,,,2018-08-10,sct_1220561009,sct_1220561009,sct_1220561009,hl7_conditionverstatus_confirmed,sct_373067005,,,sct_439401001_20401003_405824009,sct_373066001,,,sct_1220561009,ln_LA6706-1,sct_1220561009,,,,,,,,,,,,,sct_373066001,sct_1220561009,"""155541.0024""",,"""nan""",,,,ln_LA26806-2,p.V103I,,NM_005912.3:c.307G>A,NP_005903.2:p.Thr112Met,HGNC:6932,sct_1220561009,SO_1000002,ln_LA6675-8,sct_1220561009,ln_LA26806-2,,,,,HGNC:6932,,,,,ln_LA26806-2,,,,,HGNC:6932,,,,,,,,,,,,,,,,,,,,,,,,,,,,,,,,,,,,,,,,,,,,,,,,,,,,,,,,,,,,,,,,,,,,,,,,,,,,,,,,,,,,,,,,,,,,,,,,HP:0025500,,,,,,,,,,,,,,,,,,,,,,,,,,,,,,,,,,,,,,,,,,,,,,,,,,,,,,,,,,,,sct_1220561009,sct_1220561009,,,sct_1220561009,sct_1220561009,,,sct_1220561009,,,,,,,,,,,,,,,,,,,,,sct_1220561009,,,,,,,,,,,,,,,,,,,,,sct_1220561009,sct_1220561009,sct_1220561009,sct_1220561009,sct_1220561009,sct_1220561009,sct_1220561009,sct_1220561009,sct_1220561009,sct_1220561009,,sct_1220561009,,
54,RM084,2023-09-05,1995,sct_248153007,,,,CS_MII_Person_Vitalstatus_X,,,sct_41847000,sct_1220561009,,,2007-11-14,sct_1220561009,,sct_261665006,,,,sct_410672004,2018.0,,,sct_1220561009,,sct_1220561009,sct_1220561009,sct_1220561009,ORPHA:71529,,E66.8,sct_1220561009,,,2007-03-19,sct_1220561009,sct_1220561009,sct_1220561009,hl7_conditionverstatus_confirmed,sct_373067005,,,sct_439401001_20401003_405824009,sct_373066001,,,sct_1220561009,ln_LA6706-1,sct_1220561009,,,,,,,,,,,,,sct_373066001,sct_1220561009,"""155541.0024""",,"""nan""",,,,ln_LA26806-2,V103l,,NM_005912.3:c.508A>G,NP_005903.2:p.Val103Ile,HGNC:6932,sct_1220561009,SO_1000002,,sct_1220561009,ln_LA26806-2,,,NM_005912.3:c.380C>T,,HGNC:6932,,,,,ln_LA26806-2,,,,,HGNC:6932,,,,,,,,,,,,,,,,,,,,,,,,,,,,,,,,,,,,,,,,,,,,,,,,,,,,,,,,,,,,,,,,,,,,,,,,,,,,,,,,,,,,,,,,,,,,,,,,HP:0025499,2004-01-26,HP:0025499,2007-02-16,,,,,,,,,,,,,,,,,,,,,,,,,,,,,,,,,,,,,,,,,,,,,,,,,,,,,,,,,sct_1220561009,sct_1220561009,,,sct_1220561009,sct_1220561009,,,sct_1220561009,,,,,,,,,,,,,,,,,,,,,sct_1220561009,,,,,,,,,,,,,,,,,,,,,sct_1220561009,sct_1220561009,sct_1220561009,sct_1220561009,sct_1220561009,sct_1220561009,sct_1220561009,sct_1220561009,sct_1220561009,sct_1220561009,,sct_1220561009,,
80,AS002,2023-09-05,2001,sct_248153007,,,sct_14045001,CS_MII_Person_Vitalstatus_X,,,sct_41847000,sct_1220561009,,,2003-2-30,sct_1220561009,,sct_261665006,,,,sct_410672004,2009.0,7.0,26.0,sct_1220561009,,sct_1220561009,sct_1220561009,sct_1220561009,ORPHA:71529,,E66.8,sct_1220561009,,,2007-03-19,sct_1220561009,sct_1220561009,sct_1220561009,hl7_conditionverstatus_confirmed,sct_373067005,,,sct_439401001_20401003_405824009,sct_373066001,,,sct_1220561009,sct_1220561009,sct_1220561009,,,,,,,,,,,,,sct_373066001,sct_1220561009,"""155541.0024""",,"""nan""",,,,ln_LA26806-2,p.V103l,,NM_005912.3:c.307G>A,NP_005903.2:p.Glu61Lys,HGNC:6932,sct_1220561009,SO_1000002,ln_LA6668-3,sct_1220561009,ln_LA26806-2,,,,,HGNC:6932,,,,,ln_LA26806-2,,,,,HGNC:6932,,,,,,,,,,,,,,,,,,,,,,,,,,,,,,,,,,,,,,,,,,,,,,,,,,,,,,,,,,,,,,,,,,,,,,,,,,,,,,,,,,,,,,,,,,,,,,,,,,HP:0025499,2003-03-02,HP:0025499,2007-04-29,,,,,,,,,,,,,,,,,,,,,,,,,,,,,,,,,,,,,,,,,,,,,,,,,,,,,,,sct_1220561009,sct_1220561009,,,sct_1220561009,sct_1220561009,,,sct_1220561009,,,,,,,,,,,,,,,,,,,,,sct_1220561009,,,,,,,,,,,,,,,,,,,,,sct_1220561009,sct_1220561009,sct_1220561009,sct_1220561009,sct_1220561009,sct_1220561009,sct_1220561009,sct_1220561009,sct_1220561009,sct_1220561009,,sct_1220561009,,
92,AT083,2023-09-05,2006,sct_248152002,,,sct_372148003_246261001_26242008,CS_MII_Person_Vitalstatus_X,,,sct_41847000,sct_1220561009,,,2007-19-9,sct_1220561009,,sct_261665006,,,,sct_410672004,2015.0,3.0,9.0,sct_1220561009,,sct_1220561009,sct_1220561009,sct_1220561009,ORPHA:71529,,E66.8,sct_1220561009,,,2009-02-10,sct_1220561009,sct_1220561009,sct_255401001,hl7_conditionverstatus_confirmed,sct_373067005,,,sct_439401001_20401003_405824009,sct_373066001,,,sct_1220561009,ln_LA6706-1,sct_1220561009,,,,,,,,,,,,,sct_373066001,sct_1220561009,"""nan""",,"""nan""",,,,ln_LA26806-2,l251L,,NM_005912.3:c.307G>A,NP_005903.2:p.Val103Ile,HGNC:6932,sct_1220561009,,ln_LA26334-5,sct_1220561009,ln_LA26806-2,,,,,HGNC:6932,,,,,ln_LA26806-2,,,NM_005912.3:c.751A>C,,HGNC:6932,,,,,,,,,,,,,,,,,,,,,,,,,,,,,,,,,,,,,,,,,,,,,,,,,,,,,,,,,,,,,,,,,,,,,,,,,,,,,,,,,,,,,,,,,,,,,,,,,,HP:0025500,,HP:0025500,2007-05-26,,,,,,,,,,,,,,,,,,,,,,,,,,,,,,,,,,,,,,,,,,,,,,,,,,,,,,,sct_1220561009,sct_1220561009,,,sct_1220561009,sct_1220561009,,,sct_1220561009,,,,,,,,,,,,,,,,,,,,,sct_1220561009,,,,,,,,,,,,,,,,,,,,,sct_1220561009,sct_1220561009,sct_1220561009,sct_1220561009,sct_1220561009,sct_1220561009,sct_1220561009,sct_1220561009,sct_1220561009,sct_1220561009,,sct_1220561009,,
21,NT072,2023-09-05,1996,sct_248153007,,,sct_14045001,CS_MII_Person_Vitalstatus_X,,,sct_41847000,sct_1220561009,,,2014-4-26,sct_1220561009,,sct_261665006,,,,sct_410672004,2017.0,9.0,19.0,sct_1220561009,,sct_1220561009,sct_1220561009,sct_373066001,ORPHA:71529,,E66.8,sct_1220561009,,,2008-06-27,sct_1220561009,sct_1220561009,sct_1220561009,hl7_conditionverstatus_confirmed,sct_373067005,,,sct_439401001_20401003_405824009,sct_373066001,,,sct_1220561009,ln_LA6706-1,sct_1220561009,,,,,,,,,,,,,sct_373066001,sct_1220561009,"""nan""",,"""nan""",,,,ln_LA26806-2,p.V103l,,NM_005912.3:c.181G>T,NP_005903.2:p.Asn274Ser,HGNC:6932,sct_1220561009,SO_1000002,ln_LA6675-8,sct_1220561009,ln_LA26806-2,,,,,HGNC:6932,,,,,ln_LA26806-2,,,,,HGNC:6932,,,,,,,,,,,,,,,,,,,,,,,,,,,,,,,,,,,,,,,,,,,,,,,,,,,,,,,,,,,,,,,,,,,,,,,,,,,,,,,,,,,,,,,,,,,,,,,,,,HP:0025499,,,,,,,,,,,,,,,,,,,,,,,,,,,,,,,,,,,,,,,,,,,,,,,,,,,,,,,,,,sct_1220561009,sct_1220561009,,,sct_1220561009,sct_1220561009,,,sct_1220561009,,,,,,,,,,,,,,,,,,,,,sct_1220561009,,,,,,,,,,,,,,,,,,,,,sct_1220561009,sct_1220561009,sct_1220561009,sct_1220561009,sct_1220561009,sct_1220561009,sct_1220561009,sct_1220561009,sct_1220561009,sct_1220561009,,sct_1220561009,,
88,DM090,2023-09-05,2015,sct_248153007,,,sct_14045001,CS_MII_Person_Vitalstatus_X,,,sct_41847000,sct_1220561009,,,2008-15-22,sct_1220561009,,sct_261665006,,,,sct_410672004,2007.0,1.0,18.0,sct_1220561009,,sct_1220561009,sct_1220561009,sct_373067005,ORPHA:71529,,E66.8,sct_1220561009,,,2015-03-17,sct_1220561009,sct_1220561009,sct_1220561009,hl7_conditionverstatus_confirmed,sct_373067005,,,sct_439401001_20401003_405824009,sct_373066001,,,sct_1220561009,sct_1220561009,sct_1220561009,,,,,,,,,,,,,sct_373066001,sct_1220561009,"""nan""",,"""nan""",,,,ln_LA26806-2,C271R,,NM_005912.3:c.508A>G,NP_005903.2:p.Ile170Val,HGNC:6932,sct_1220561009,SO_1000002,ln_LA26334-5,sct_1220561009,ln_LA26806-2,,,,,HGNC:6932,,,,,ln_LA26806-2,,,,,HGNC:6932,,,,,,,,,,,,,,,,,,,,,,,,,,,,,,,,,,,,,,,,,,,,,,,,,,,,,,,,,,,,,,,,,,,,,,,,,,,,,,,,,,,,,,,,,,,,,,,,HP:0025499,2001-03-22,,2012-10-26,,,,,,,,,,,,,,,,,,,,,,,,,,,,,,,,,,,,,,,,,,,,,,,,,,,,,,,,,sct_1220561009,sct_1220561009,,,sct_1220561009,sct_1220561009,,,sct_1220561009,,,,,,,,,,,,,,,,,,,,,sct_1220561009,,,,,,,,,,,,,,,,,,,,,sct_1220561009,sct_1220561009,sct_1220561009,sct_1220561009,sct_1220561009,sct_1220561009,sct_1220561009,sct_1220561009,sct_1220561009,sct_1220561009,,sct_1220561009,,
18,NS003,2023-09-05,1990,sct_248153007,,,sct_372148003_246261001_26242008,CS_MII_Person_Vitalstatus_X,,,sct_41847000,sct_1220561009,,,2009-9-8,sct_1220561009,,sct_261665006,,,,sct_410672004,2000.0,3.0,,sct_1220561009,,sct_1220561009,sct_1220561009,sct_373067005,ORPHA:71529,,E66.8,sct_1220561009,,,2008-02-28,sct_1220561009,sct_1220561009,sct_1220561009,hl7_conditionverstatus_confirmed,sct_373067005,,,sct_439401001_20401003_405824009,sct_373066001,,,sct_1220561009,ln_LA6706-1,sct_1220561009,,,,,,,,,,,,,sct_373066001,sct_1220561009,"""155541.0024""",,"""nan""",,,,ln_LA26806-2,V103l,,NM_005912.3:c.403G>C,NP_005903.2:p.His264Arg,HGNC:6932,,SO_1000002,ln_LA6675-8,sct_1220561009,ln_LA26806-2,,,,,HGNC:6932,,,,,ln_LA26806-2,,,,,HGNC:6932,,,,,,,,,,,,,,,,,,,,,,,,,,,,,,,,,,,,,,,,,,,,,,,,,,,,,,,,,,,,,,,,,,,,,,,,,,,,,,,,,,,,,,,,,,,,,,,,HP:0025499,2000-08-29,,,,2000-10-12,,2004-03-13,,,,,,,,,,,,,,,,,,,,,,,,,,,,,,,,,,,,,,,,,,,,,,,,,,,,,sct_1220561009,sct_1220561009,,,sct_1220561009,sct_1220561009,,,sct_1220561009,,,,,,,,,,,,,,,,,,,,,sct_1220561009,,,,,,,,,,,,,,,,,,,,,sct_1220561009,sct_1220561009,sct_1220561009,sct_1220561009,sct_1220561009,sct_1220561009,sct_1220561009,sct_1220561009,sct_1220561009,sct_1220561009,,sct_1220561009,,
47,AM001,2023-09-05,1995,sct_248153007,,,sct_372148003_246261001_26242008,CS_MII_Person_Vitalstatus_X,,,sct_41847000,sct_1220561009,,,2018-9-26,sct_1220561009,,sct_261665006,,,,sct_410672004,2009.0,3.0,18.0,sct_1220561009,,sct_1220561009,sct_1220561009,sct_1220561009,ORPHA:71529,,E66.8,sct_1220561009,,,2008-02-08,sct_1220561009,sct_1220561009,sct_1220561009,hl7_conditionverstatus_confirmed,sct_373067005,,,sct_439401001_20401003_405824009,sct_373066001,,,sct_1220561009,ln_LA6706-1,sct_1220561009,,,,,,,,,,,,,sct_373066001,sct_1220561009,"""155541.0024""",,"""nan""",,,,ln_LA26806-2,p.V103I,,NM_005912.3:c.496G>C,,HGNC:6932,sct_1220561009,SO_1000002,ln_LA26333-7,sct_1220561009,ln_LA26806-2,,,,,HGNC:6932,,,,,ln_LA26806-2,,,,,HGNC:6932,,,,,,,,,,,,,,,,,,,,,,,,,,,,,,,,,,,,,,,,,,,,,,,,,,,,,,,,,,,,,,,,,,,,,,,,,,,,,,,,,,,,,,,,,,,,,,,,,2011-09-30,,,,,,,,,,,,,,,,,,,,,,,,,,,,,,,,,,,,,,,,,,,,,,,,,,,,,,,,,,,sct_1220561009,sct_1220561009,,,sct_1220561009,sct_1220561009,,,sct_1220561009,,,,,,,,,,,,,,,,,,,,,sct_1220561009,,,,,,,,,,,,,,,,,,,,,sct_1220561009,sct_1220561009,sct_1220561009,sct_1220561009,sct_1220561009,sct_1220561009,sct_1220561009,sct_1220561009,sct_1220561009,sct_1220561009,,sct_1220561009,,
34,ZK036,2023-09-05,1996,sct_248153007,,,sct_14045001,CS_MII_Person_Vitalstatus_X,,,sct_41847000,sct_1220561009,,,2017-10-9,sct_1220561009,,sct_261665006,,,,sct_410672004,2001.0,3.0,7.0,sct_1220561009,,sct_1220561009,sct_1220561009,sct_1220561009,ORPHA:71529,,E66.8,sct_1220561009,,,2018-08-10,sct_1220561009,sct_1220561009,sct_1220561009,hl7_conditionverstatus_confirmed,sct_373067005,,,sct_439401001_20401003_405824009,sct_373066001,,,sct_1220561009,sct_1220561009,sct_1220561009,,,,,,,,,,,,,sct_373066001,sct_1220561009,"""nan""",,"""nan""",,,,ln_LA26806-2,p.V103I,,NM_005912.3:c.307G>A,NP_005903.2:p.Ile251Leu,HGNC:6932,sct_1220561009,,ln_LA6675-8,sct_1220561009,ln_LA26806-2,,,,,HGNC:6932,,,,,ln_LA26806-2,,,,,HGNC:6932,,,,,,,,,,,,,,,,,,,,,,,,,,,,,,,,,,,,,,,,,,,,,,,,,,,,,,,,,,,,,,,,,,,,,,,,,,,,,,,,,,,,,,,,,,,,,,,,,,,1996-04-15,,,,,,,,,,,,,,,,,,,,,,,,,,,,,,,,,,,,,,,,,,,,,,,,,,,,,,,,,sct_1220561009,sct_1220561009,,,sct_1220561009,sct_1220561009,,,sct_1220561009,,,,,,,,,,,,,,,,,,,,,sct_1220561009,,,,,,,,,,,,,,,,,,,,,sct_1220561009,sct_1220561009,sct_1220561009,sct_1220561009,sct_1220561009,sct_1220561009,sct_1220561009,sct_1220561009,sct_1220561009,sct_1220561009,,sct_1220561009,,
31,OS035,2023-09-05,1995,sct_248153007,,,sct_14045001,CS_MII_Person_Vitalstatus_X,,,sct_41847000,sct_1220561009,,,2008-17-4,sct_1220561009,,sct_261665006,,,,sct_410672004,2010.0,10.0,7.0,sct_1220561009,,sct_1220561009,sct_1220561009,sct_1220561009,ORPHA:71529,,E66.8,sct_1220561009,,,2018-03-13,sct_1220561009,sct_1220561009,sct_1220561009,hl7_conditionverstatus_confirmed,sct_373067005,,,sct_439401001_20401003_405824009,sct_373066001,,,sct_1220561009,ln_LA6706-1,sct_1220561009,,,,,,,,,,,,,sct_373066001,sct_1220561009,"""nan""",,"""nan""",,,,ln_LA26806-2,S77L,,NM_005912.3:c.496G>C,NP_005903.2:p.Asp90Asn,HGNC:6932,sct_1220561009,SO_1000002,ln_LA6675-8,sct_1220561009,ln_LA26806-2,,,,,HGNC:6932,,,,,ln_LA26806-2,,,,,HGNC:6932,,,,,,,,,,,,,,,,,,,,,,,,,,,,,,,,,,,,,,,,,,,,,,,,,,,,,,,,,,,,,,,,,,,,,,,,,,,,,,,,,,,,,,,,,,,,,,,,,,,,,,,,,,,,,,,,,,,,,,,,,,,,,,,,,,,,,,,,,,,,,,,,,,,,,,,,,,,,sct_1220561009,sct_1220561009,,,sct_1220561009,sct_1220561009,,,sct_1220561009,,,,,,,,,,,,,,,,,,,,,sct_1220561009,,,,,,,,,,,,,,,,,,,,,sct_1220561009,sct_1220561009,sct_1220561009,sct_1220561009,sct_1220561009,sct_1220561009,sct_1220561009,sct_1220561009,sct_1220561009,sct_1220561009,,sct_1220561009,,
15,MM077,2023-09-05,1990,sct_248153007,,,sct_372148003_246261001_26242008,CS_MII_Person_Vitalstatus_X,,,sct_41847000,sct_1220561009,,,2018-8-1,sct_1220561009,,sct_261665006,,,,sct_410672004,2015.0,1.0,10.0,sct_1220561009,,sct_1220561009,sct_1220561009,sct_1220561009,ORPHA:71529,,E66.8,sct_1220561009,,,2019-07-25,sct_1220561009,sct_1220561009,sct_1220561009,hl7_conditionverstatus_confirmed,sct_373067005,,,sct_439401001_20401003_405824009,sct_373066001,,,sct_1220561009,ln_LA6706-1,sct_1220561009,,,,,,,,,,,,,sct_373066001,sct_1220561009,"""nan""",,"""nan""",,,,ln_LA26806-2,V103l,,,NP_005903.2:p.Ile251Leu,HGNC:6932,sct_1220561009,SO_1000002,ln_LA26333-7,sct_1220561009,ln_LA26806-2,,,,NP_005903.2:p.Tyr268His,HGNC:6932,,,,,ln_LA26806-2,,,,,HGNC:6932,,,,,,,,,,,,,,,,,,,,,,,,,,,,,,,,,,,,,,,,,,,,,,,,,,,,,,,,,,,,,,,,,,,,,,,,,,,,,,,,,,,,,,,,,,,,,,,,HP:0025499,2011-09-30,,1999-03-05,,,,,,,,,,,,,,,,,,,,,,,,,,,,,,,,,,,,,,,,,,,,,,,,,,,,,,,,,sct_1220561009,sct_1220561009,,,sct_1220561009,sct_1220561009,,,sct_1220561009,,,,,,,,,,,,,,,,,,,,,sct_1220561009,,,,,,,,,,,,,,,,,,,,,sct_1220561009,sct_1220561009,sct_1220561009,sct_1220561009,sct_1220561009,sct_1220561009,sct_1220561009,sct_1220561009,sct_1220561009,sct_1220561009,,sct_1220561009,,
13,TS100,2023-09-05,1996,sct_248153007,,,sct_372148003_246261001_26242008,CS_MII_Person_Vitalstatus_X,,,sct_41847000,sct_1220561009,,,2002-7-23,sct_1220561009,,sct_261665006,,,,sct_410672004,2010.0,9.0,25.0,sct_1220561009,,sct_1220561009,sct_1220561009,sct_1220561009,ORPHA:71529,,E66.8,sct_1220561009,,,2009-09-08,sct_1220561009,sct_1220561009,sct_1220561009,hl7_conditionverstatus_confirmed,sct_373067005,,,sct_439401001_20401003_405824009,sct_373066001,,,sct_1220561009,ln_LA6705-3,sct_1220561009,,,,,,,,,,,,,sct_373066001,sct_1220561009,"""155541.0024""",,"""nan""",,,,ln_LA26806-2,S77L,,NM_005912.3:c.307G>A,,HGNC:6932,,SO_1000002,ln_LA6675-8,sct_1220561009,ln_LA26806-2,,,,,HGNC:6932,,,,,ln_LA26806-2,,,,,HGNC:6932,,,,,,,,,,,,,,,,,,,,,,,,,,,,,,,,,,,,,,,,,,,,,,,,,,,,,,,,,,,,,,,,,,,,,,,,,,,,,,,,,,,,,,,,,,,,,,,,HP:0025502,,,2013-09-30,,,,,,,,,,,,,,,,,,,,,,,,,,,,,,,,,,,,,,,,,,,,,,,,,,,,,,,,,sct_1220561009,sct_1220561009,,,sct_1220561009,sct_1220561009,,,sct_1220561009,,,,,,,,,,,,,,,,,,,,,sct_1220561009,,,,,,,,,,,,,,,,,,,,,sct_1220561009,sct_1220561009,sct_1220561009,sct_1220561009,sct_1220561009,sct_1220561009,sct_1220561009,sct_1220561009,sct_1220561009,sct_1220561009,,sct_1220561009,,
